lat,lon,380,381,382,383,384,385,386,387,388,389,390,391,392,393,394,395,396,397,398,399,400,401,402,403,404,405,406,407,408,409,410,411,412,413,414,415,416,417,418,419,420,421,422,423,424,425,426,427,428,429,430,431,432,433,434,435,436,437,438,439,440,441,442,443,444,445,446,447,448,449,450,451,452,453,454,455,456,457,458,459,460,461,462,463,464,465,466,467,468,469,470,471,472,473,474,475,476,477,478,479,480,481,482,483,484,485,486,487,488,489,490,491,492,493,494,495,496,497,498,499,500,501,502,503,504,505,506,507,508,509,510,511,512,513,514,515,516,517,518,519,520,521,522,523,524,525,526,527,528,529,530,531,532,533,534,535,536,537,538,539,540,541,542,543,544,545,546,547,548,549,550,551,552,553,554,555,556,557,558,559,560,561,562,563,564,565,566,567,568,569,570,571,572,573,574,575,576,577,578,579,580,581,582,583,584,585,586,587,588,589,590,591,592,593,594,595,596,597,598,599,600,601,602,603,604,605,606,607,608,609,610,611,612,613,614,615,616,617,618,619,620,621,622,623,624,625,626,627,628,629,630,631,632,633,634,635,636,637,638,639,640,641,642,643,644,645,646,647,648,649,650,651,652,653,654,655,656,657,658,659,660,661,662,663,664,665,666,667,668,669,670,671,672,673,674,675,676,677,678,679,680,681,682,683,684,685,686,687,688,689,690,691,692,693,694,695,696,697,698,699,700,701,702,703,704,705,706,707,708,709,710,711,712,713,714,715,716,717,718,719,720,721,722,723,724,725,726,727,728,729,730,731,732,733,734,735,736,737,738,739,740,741,742,743,744,745,746,747,748,749,750,751,752,753,754,755,756,757,758,759,760,761,762,763,764,765,766,767,768,769,770,771,772,773,774,775,776,777,778,779,distance,time,cryp
42.815327,-66.313774,73.68133,74.8812,60.533325,48.108185,51.382732,63.44381,63.110096,61.413746,60.341442,64.1171,71.37046,75.16843,67.68347,49.7375,50.7921,64.495155,60.778713,55.097206,70.99918,87.97583,94.23266,96.79346,98.07852,96.8993,94.50047,92.213554,89.91622,88.89196,90.91474,92.28386,89.78998,90.7746,95.04466,94.28624,93.849525,93.27508,93.39672,92.24456,89.09297,88.48379,88.463036,90.24823,89.37216,85.72246,85.744385,85.22649,84.11624,82.026024,79.58901,76.37399,67.383286,67.17714,79.32074,82.37063,79.74897,81.5567,86.88069,86.3367,80.6798,79.332596,82.14412,84.675156,88.5523,89.25519,88.66912,87.59089,87.34177,87.86001,89.93778,91.17267,92.14214,93.279785,90.78237,87.80636,87.64243,88.519325,89.627,90.31658,89.279976,88.06148,87.924065,88.69336,89.251884,88.60567,86.84691,85.24402,84.61259,83.92605,83.44717,83.38542,82.209,81.989876,83.602455,83.274254,83.082466,83.35201,82.161606,82.033775,83.15463,83.09806,82.81117,82.31876,81.793945,80.58498,78.600296,74.480385,70.93734,69.05693,72.826035,74.9754,75.94882,75.350105,74.477394,74.33649,75.66434,75.83847,76.00369,76.33415,73.475174,71.92247,71.42829,69.33262,69.14937,69.76511,68.970894,70.021126,70.94734,69.977844,69.32049,69.09733,69.42762,69.58717,69.00289,67.72127,66.1169,65.28051,63.89927,59.13939,58.858803,60.46067,63.276928,63.95824,63.943237,63.527397,64.73541,64.38246,62.765514,59.710743,61.58135,63.642006,64.069244,64.31467,63.04445,60.96224,61.65879,62.493225,62.60702,60.986073,60.82658,60.010353,58.44188,58.01101,58.202335,58.6821,59.143482,58.907375,58.48446,57.97016,57.50041,57.388523,57.323532,56.937664,56.7126,56.59538,56.59257,56.8257,56.01638,54.87666,53.893394,52.818485,52.889927,53.60805,53.227917,52.975574,52.644886,52.15404,51.456608,51.519768,51.589737,50.823315,49.923897,49.683933,50.071236,50.888218,50.59479,49.940037,49.22877,49.349216,48.861267,48.570595,48.94645,49.199867,49.44258,49.523777,49.263954,48.340317,47.84332,47.417435,46.401817,43.86545,43.781384,45.228348,45.472607,45.42646,45.164646,44.883896,45.055977,44.86114,44.5615,44.27762,44.226006,43.78277,43.709377,44.029636,44.56153,44.56263,44.274467,43.857746,43.543156,43.237938,42.918182,42.700016,42.716843,42.0486,41.79328,41.52539,40.993122,41.130116,41.765602,42.20217,42.24779,42.321163,41.78655,41.341064,40.950436,40.33251,40.52465,40.079777,39.543407,39.33783,39.168476,39.199604,39.288094,39.392956,39.51763,39.67974,39.763775,39.898766,40.078514,39.814648,39.391045,39.080906,38.9732,39.094723,39.125618,38.7752,38.24442,37.77885,37.67881,36.70107,37.010395,37.405704,37.51932,37.83316,37.32542,34.972054,33.14039,33.41702,36.48946,36.967308,37.225014,37.55531,37.8536,37.78619,37.542953,37.69876,37.520912,37.274902,37.375065,37.44232,37.21998,36.950806,36.86161,37.048847,37.41351,37.1497,36.923313,36.69711,36.592434,36.643154,36.58928,36.599785,36.39097,36.16729,36.00087,35.657333,34.38692,28.990465,28.874815,29.835909,30.759592,31.843826,32.637714,32.491924,32.429653,32.504295,33.157745,33.953747,33.833664,33.15719,32.581505,32.17707,32.1158,32.28944,32.555527,32.825596,32.820766,32.98857,33.264893,32.884106,32.721916,32.82365,32.586334,32.810944,32.835793,32.401577,31.053934,28.630814,26.583502,25.653261,25.672743,27.3614,29.75766,28.736753,27.347254,26.744268,26.825613,26.963984,26.92104,26.923958,26.990257,27.661161,28.39964,29.553352,30.0923,30.207441,29.940954,29.71008,29.709106,29.796675,30.066235,29.9457,29.679306,31.127972,30.93935,30.632772,30.677158,31.04814,31.179344,30.670807,30.170465,30.175365,30.249218,30.296333,30.158543,30.29075,29.947012,29.665152,29.709087,27.071423,14.16747,7.735421,13.936936,13.37363,13.786863,17.66306,21.18387,24.735373,27.464703,28.002926,29.340754,29.505882,28.217728,28.591707,28.828499,29.013062,29.526741,29.333973,28.958265,28.466246,4.450877872960010,20240702T164734,23596
41.88928,-68.8764,138.01534,140.85919,114.15869,90.88682,98.05486,121.106346,120.10223,118.48199,116.530876,124.119705,138.65434,146.00569,132.04979,96.30768,98.9628,127.28121,120.28825,108.711174,139.7653,172.65598,185.5566,190.87315,194.19788,192.61652,188.2476,184.37694,179.88333,178.479,183.94298,187.22522,182.42087,185.87953,195.94063,194.43118,194.45967,193.98795,194.56187,192.45398,186.58633,186.22035,186.9657,190.91605,189.23691,181.66856,182.6378,182.85141,180.46465,176.60162,172.71234,164.95596,145.92998,145.41116,173.25356,180.64967,174.72981,180.1452,192.30751,191.98657,180.24709,176.61691,184.4961,190.0152,198.17096,199.82588,198.88722,197.09422,197.18576,199.13719,205.02608,208.49521,211.1592,214.16269,208.54332,201.96448,202.62909,205.0384,208.01428,210.83797,209.05052,206.61948,206.62735,209.09064,211.03468,209.84477,206.1855,202.8317,201.54697,200.16264,199.38837,199.81772,197.14851,196.88205,201.2754,200.6422,200.50484,201.75258,199.20772,199.26784,202.40489,202.81409,202.67264,202.06284,201.7072,199.31764,194.72215,184.4759,175.87233,171.57533,181.58871,187.42464,190.21599,188.91257,186.81808,186.69812,190.56393,191.75131,192.98235,194.68393,187.77808,183.89772,182.48,177.29321,176.18834,176.7253,173.96373,177.70782,181.35106,179.10907,178.2285,178.63788,180.57823,181.9221,181.119,178.35808,175.11087,173.14073,169.54114,157.7481,157.62125,162.1404,169.3546,171.7262,171.9423,170.7577,174.45642,173.86601,169.84055,162.00816,167.55345,173.56253,175.04996,176.17946,173.30733,168.17456,169.67625,172.23994,173.10889,169.25473,169.06868,166.80128,162.21716,160.7334,161.30383,162.93393,164.78888,164.60532,163.88127,162.91747,162.34045,162.91093,163.52898,162.87178,162.78667,162.7962,162.93283,163.94173,161.91382,158.99008,156.6507,153.82404,154.01231,155.96236,155.27048,155.22472,154.79813,153.60425,151.742,151.55304,150.90028,147.29317,146.33853,146.55609,147.80731,150.19765,149.47908,148.13086,147.00249,147.64362,146.81064,146.76433,148.80547,149.94502,151.12576,151.94835,151.95332,149.0949,146.88742,143.54567,135.7829,123.97526,122.898865,128.62312,129.94157,132.2545,131.55884,129.96114,134.19354,135.26074,136.20287,137.47644,139.04367,139.27386,140.13254,141.89334,144.55145,144.20576,143.69797,143.12878,142.13106,141.18109,140.63278,140.26947,139.79912,138.16283,137.66397,136.97041,135.27377,135.13998,136.99646,138.54747,139.0123,139.19211,137.6082,136.13206,134.7834,132.99353,132.96559,130.67671,128.30696,127.64488,128.69234,129.01093,129.47397,130.25354,131.18198,131.99011,132.03339,132.56775,133.91847,133.23578,131.70706,130.89511,130.93988,131.51053,131.06833,128.39069,124.04256,119.35986,116.38915,115.43295,119.68993,121.47005,120.49157,123.73155,122.96212,114.60508,108.28616,109.989,121.71308,125.14435,127.43064,129.30959,130.57378,130.49065,129.9361,130.52173,130.49153,130.1819,130.39507,130.9011,130.19432,129.13446,128.60596,128.92935,129.65675,129.16147,129.20879,129.07468,128.99036,129.12802,128.68661,128.43744,127.86539,127.07791,126.25331,124.600395,118.944016,97.714554,97.47435,101.539116,105.05022,108.07003,108.10523,102.3372,99.33054,100.543045,106.050674,112.05147,112.587296,106.25728,102.69973,101.4812,102.21901,105.13526,108.430046,108.85533,108.5206,110.38932,111.49419,112.08928,112.64677,113.1723,113.28423,112.80739,111.77196,107.47136,97.62277,79.142136,65.16185,60.704117,61.246773,73.589325,90.833275,83.26301,72.851326,69.45371,70.32884,71.04924,71.24565,72.17666,71.7361,73.52495,81.13491,91.354256,97.20004,97.364044,95.74675,96.718895,99.10294,100.13724,102.54233,104.81273,104.92452,110.777054,110.69928,110.23903,110.43436,110.86681,110.989426,110.53477,109.97852,109.4837,109.17908,109.86952,109.69793,109.55804,108.41357,107.58032,106.49825,93.92764,43.793064,18.027502,40.173637,40.516075,41.15672,54.83284,69.815926,83.63996,95.02208,99.82551,102.05534,103.18047,101.68343,102.66139,102.7741,101.723595,103.19115,102.68982,102.92187,102.00302,1.7267189343955100,20240708T165851,26806
44.038773,-59.509834,143.92108,145.78928,117.21319,92.915985,101.24231,125.58138,125.4126,122.96767,120.74026,129.09789,144.062,151.78514,136.49954,99.82159,103.826675,132.59352,124.47735,113.69272,146.35716,180.76678,193.8306,199.36566,202.98009,201.27507,197.0098,192.88635,187.8176,186.51237,192.37117,195.46,190.59653,194.74088,205.13454,204.0741,203.92564,203.1905,204.15059,201.85667,196.0902,195.25768,195.94984,200.03305,199.14215,191.4873,192.84149,191.90915,190.3045,186.14436,182.05336,173.39056,153.45253,153.77475,183.42502,191.2801,184.6856,190.6086,203.3753,203.43765,189.83145,187.12013,194.08925,201.65756,210.41064,212.48892,211.79828,209.88185,210.05182,212.10475,217.9231,221.66148,224.64854,227.7291,221.87701,215.10942,216.11302,218.67726,221.6412,224.1465,222.65897,220.57596,220.5003,223.12929,225.26917,224.16351,220.36472,216.9716,215.99382,214.48065,213.56967,214.02007,211.70195,211.59692,215.80455,215.3825,215.3802,216.60703,213.9625,214.15654,217.68385,217.89958,217.87863,217.6438,217.30087,214.70912,209.69344,198.54124,189.6057,185.42702,196.18393,202.53267,205.64369,204.37668,202.37984,202.43945,206.60643,207.84753,209.18073,211.08728,203.3601,199.249,198.09369,192.67987,192.10437,193.52884,191.28458,195.1272,198.74527,196.5445,195.4001,195.48163,197.08028,198.53177,197.68578,194.7339,191.28923,189.07668,185.03941,172.21448,172.21002,177.21373,185.01256,187.78671,188.17413,186.9879,191.16324,190.3202,185.71614,177.5528,183.71297,190.3314,192.05684,193.1551,189.93008,184.29102,185.90208,188.89366,189.94193,185.44492,185.42073,183.29662,178.74722,177.33218,177.89171,179.48523,181.33907,181.33275,180.63245,179.47267,178.4485,178.88133,179.52599,178.94629,178.54115,178.36632,178.52245,179.70421,177.48293,174.24657,171.64551,168.77509,168.99902,171.01794,170.30586,170.30157,169.78508,168.31332,166.31345,166.47818,166.35776,163.15195,161.59,161.62894,163.13774,165.95084,164.92198,163.20306,161.84727,162.55966,161.49812,161.4145,163.87979,165.1953,166.76546,167.86963,167.68889,164.87498,162.95128,160.40167,154.43272,143.61516,143.23671,149.37447,150.7507,152.1412,151.59897,150.61505,153.65414,154.41533,154.78062,155.23352,156.27586,155.74585,156.33215,158.12029,160.46858,160.07753,159.55286,158.96407,157.94783,157.33438,156.65193,156.0929,155.90968,154.09312,153.59718,152.81018,150.776,150.91168,152.89478,154.6499,155.3129,154.98259,153.47755,151.85724,150.23103,148.45079,149.10638,147.01303,144.74734,144.29663,144.70215,145.01665,145.84111,146.94754,147.53214,148.3581,148.67244,149.29549,150.36491,149.6537,148.04588,147.24123,147.47235,148.42635,147.78839,145.79036,142.59727,139.12303,136.93538,136.98676,139.27628,140.29749,140.11296,142.47064,140.85037,130.06589,123.27933,126.59536,138.77565,141.7229,143.70816,145.62016,146.95428,146.4851,145.62144,146.29315,146.2715,145.84612,145.97855,146.7598,146.31554,144.86514,143.9752,144.22421,144.71362,144.29752,144.46745,144.65686,144.55638,144.15599,143.86673,143.57472,143.36021,142.39763,141.1809,139.33842,132.64287,109.39789,109.86282,114.40419,118.15782,122.26331,124.477974,121.13113,119.09459,119.28968,124.0332,129.921,129.59648,124.33697,121.45677,120.64541,121.20368,123.39094,126.04605,126.740036,126.98467,127.87419,128.77112,128.89807,129.28296,130.06389,130.12694,128.95667,128.00278,125.0418,116.6585,101.48249,88.85193,83.39917,84.01043,95.91231,111.08815,103.87201,94.73458,92.149216,93.20175,93.79849,93.65121,94.31625,94.68268,95.32924,103.11234,111.47358,116.389496,116.37638,114.99691,115.79561,117.43159,117.71376,119.214615,120.48067,120.17171,126.47538,125.48966,124.50376,124.79962,125.30052,125.02107,124.37021,123.74639,123.218285,123.146935,123.34947,123.38299,123.61749,122.88412,121.66986,120.55249,106.23818,50.28495,22.914396,47.423077,47.46506,48.525665,63.85168,80.611046,96.03185,108.30042,113.64351,115.78742,117.380325,115.50701,116.92417,117.602905,116.48346,117.29662,117.41603,116.95041,116.38089,11.331353852611100,20240704T161836,19011
39.78041,-75.73241,77.561676,81.852585,66.341705,52.45499,54.704784,68.83799,68.62343,68.22523,67.01698,70.6091,80.67281,85.32634,78.587494,54.486313,54.739437,73.79546,68.2212,59.7277,79.881256,98.944145,105.588326,108.3664,110.31077,108.57257,106.260735,104.51778,102.37079,101.87285,105.51224,106.49334,103.210495,105.58416,109.68053,109.03984,108.16874,107.88911,108.006,106.02773,102.79475,102.049355,102.4643,104.31927,102.55775,98.62937,98.80891,98.23466,96.348305,94.21961,91.71279,86.496765,77.00125,77.082436,90.05765,94.33462,91.93734,94.39482,99.91477,100.14917,94.41239,92.84133,96.62439,99.7006,104.13287,104.748055,104.474075,103.48522,102.85077,103.69601,106.74587,107.86724,109.25494,111.39386,107.41172,104.29055,103.45414,104.5668,105.86042,107.133,105.17717,103.66707,103.0892,104.316925,104.86849,104.48398,101.93205,100.106735,99.130424,97.93912,97.56216,97.851295,95.52268,92.91854,90.74029,96.656166,99.98902,101.0009,98.0029,98.112465,99.50605,99.152084,98.92954,98.7315,98.435936,97.00025,94.369064,89.76072,84.672424,83.2552,88.221214,90.394325,91.362144,91.18812,89.361824,89.451515,91.14733,91.31549,91.08261,90.36087,88.40083,87.17024,85.80754,83.21449,83.18253,83.13829,82.01291,84.02966,85.04056,84.579124,83.51158,83.57589,84.37631,84.804504,84.42401,83.454185,81.79693,81.54455,79.34475,73.81715,74.48802,77.030785,80.77373,82.57499,82.911026,83.16637,85.19474,85.07948,83.10484,79.064316,83.03021,85.65269,87.071526,87.9686,86.08447,84.18169,84.41592,86.362144,86.68157,85.28336,85.39328,84.02849,82.18482,80.966255,81.78843,82.71088,83.35085,83.59933,83.27178,82.75016,82.51573,83.22861,83.4342,82.94974,83.0122,82.99551,81.927025,78.445946,80.149025,80.629234,79.432915,77.73647,78.31794,78.92656,78.347694,78.37366,77.9161,77.00165,75.598434,75.933975,75.20562,73.300026,72.641716,72.51578,71.53401,69.09335,72.10748,72.661415,72.22815,72.4391,71.6681,71.730934,72.48675,73.38992,73.88859,74.199486,74.15409,72.9088,72.02045,70.50272,67.682655,61.32646,61.98445,63.857254,64.75054,65.82481,65.0092,64.97203,66.6966,67.08465,67.28288,67.66509,68.29805,68.11799,68.45246,69.2044,70.14969,70.06459,69.60818,69.14639,68.706085,67.8818,67.19691,66.68844,66.24018,65.52182,64.86083,64.2657,63.57117,62.532608,63.78766,64.114815,64.102135,64.17432,63.10719,62.271744,61.531754,60.93458,60.8033,59.79441,58.91272,58.485386,58.71685,59.050163,59.21261,59.458046,59.8651,60.298317,60.128666,60.475956,60.84494,60.64245,59.948475,59.45274,59.471497,59.66311,59.337276,58.466354,56.815006,55.109936,53.93637,53.821663,55.38499,55.446163,55.63575,56.4153,56.672783,53.86255,50.50417,51.208794,55.56413,57.480274,58.11892,58.884884,59.09141,58.63304,57.92375,58.24592,57.748993,57.27349,57.1147,57.17627,56.66838,56.352757,56.163017,56.243237,56.29971,55.743214,56.22259,56.25399,56.093414,56.002205,56.11516,56.33483,56.219364,56.209217,55.896564,55.223495,52.48148,43.594154,44.638447,46.890907,48.816963,50.46332,51.267826,49.827267,48.587463,49.61448,53.034313,56.077114,56.660248,54.887093,53.665802,54.119728,55.167385,57.816692,60.25203,61.54578,62.516785,64.73777,66.8551,68.05561,69.75876,71.45076,72.87255,73.99948,74.53577,73.60354,68.97964,56.28307,49.289925,46.549213,48.798054,58.594585,71.24377,69.53755,60.61259,59.939133,61.52677,62.58627,64.50334,66.19207,67.36683,70.937546,78.213554,89.87137,97.04533,98.51218,97.84544,100.87751,104.665436,107.52135,111.22138,115.45819,117.96903,122.31469,126.77714,127.4405,129.92516,131.47166,132.48785,132.3331,132.03339,132.516,133.40952,134.36366,135.14961,135.15025,134.65202,134.68628,133.5923,115.88523,53.68728,25.740639,52.03801,53.835175,53.7513,70.72426,90.2191,109.43688,123.72526,129.64879,134.035,136.84781,135.45222,136.76984,137.6652,136.3279,137.68361,137.6973,135.93121,136.92657,5.446496357861630,20240709T173329,13839
43.756523,-63.71137,116.835014,117.38907,94.95334,76.338684,82.04232,100.46448,100.24856,98.54274,96.62309,102.75282,116.07845,122.2732,109.62484,79.45484,82.12726,105.89826,99.21111,90.40834,115.90879,142.6972,152.89175,157.28758,159.94487,158.06851,154.0645,150.69283,146.97437,145.7318,150.11505,152.75354,148.74005,151.70956,159.72147,158.42596,158.41093,157.57031,158.21188,155.7503,150.95815,150.79198,151.42912,154.35703,152.77737,146.89587,147.86588,147.78046,145.25351,142.0712,138.71365,131.93494,116.98687,117.208,139.1664,144.6624,140.0527,144.30353,153.85277,153.18068,143.60657,141.13463,147.6308,151.16823,157.54727,158.93279,158.28075,156.82861,156.86403,158.28069,162.50925,165.34927,167.59666,169.59644,165.05492,159.84985,160.3485,162.40546,164.72177,166.14653,164.71046,162.90724,162.70494,164.53069,166.03342,165.21509,162.09384,159.21251,158.15938,157.0493,156.37245,156.54591,154.20792,153.93407,157.61984,157.09608,156.92555,157.8296,155.82866,155.76765,158.00105,157.90453,157.79639,157.64917,157.04617,155.04283,151.40944,143.12843,136.58669,133.53181,141.18327,145.68153,147.7253,146.25974,144.98175,145.1097,147.74791,148.32004,149.00441,150.14993,144.80695,141.79369,140.67516,136.67853,135.81804,136.25616,134.31871,137.1638,139.84079,137.9665,137.17822,137.36282,138.6872,139.73766,139.06372,136.8395,134.52972,132.90471,129.93188,120.88427,120.810074,124.30812,129.88087,131.51923,131.53413,130.52818,133.30685,132.66507,129.44124,123.72469,127.859085,132.3632,133.58173,134.13263,131.6712,127.5707,128.77382,130.86816,131.56122,128.3378,128.34045,126.67019,123.09184,121.900116,122.366714,123.65599,125.03823,124.77574,124.06164,123.153404,122.75957,123.20491,123.672035,123.17566,122.95649,122.81031,122.78957,123.4911,121.97242,119.83573,118.20416,116.086624,116.31641,117.84066,116.937904,116.993965,116.6749,115.525894,114.304535,114.24992,113.806175,111.142525,110.12757,110.23543,111.288506,113.03503,112.41779,111.40682,110.645424,111.03875,110.285095,110.23953,111.9699,112.954636,113.927444,114.50454,114.234985,112.06409,110.42939,107.979126,102.25068,93.64408,92.917984,97.18545,98.226234,99.55889,99.03253,98.07358,101.070656,101.94008,102.50539,103.21773,104.512566,104.59039,105.324165,106.777824,108.50352,108.18487,107.83113,107.43654,106.59501,105.93706,105.49399,105.1689,104.83923,103.45351,103.1528,102.79742,101.664986,101.71095,102.97777,104.02999,104.3308,104.19672,102.94652,101.87209,100.95575,99.75479,99.6085,97.71425,95.94507,95.725426,96.35538,96.51787,96.90141,97.53907,98.10245,98.665016,98.69917,99.05906,99.95552,99.455475,98.339325,97.80527,97.87894,98.20633,97.594925,95.93941,92.96462,89.49291,87.17609,86.44761,89.59056,90.95769,90.33004,92.78528,92.0717,85.62036,81.097115,82.717354,91.0824,93.49521,95.05434,96.57546,97.72611,97.570335,97.22786,97.74992,97.71812,97.51569,97.81654,97.94052,97.7595,96.94609,96.41959,96.63579,97.20848,96.91135,96.82803,96.58168,96.285576,96.141785,96.09314,95.89451,95.69754,95.01942,94.32006,93.31779,88.755714,73.32554,73.47155,76.51819,79.06413,81.407166,81.56902,77.245995,74.840996,75.39053,79.59766,84.38491,84.48874,79.7958,77.13812,76.158775,76.65676,78.91584,81.52385,81.83168,81.46845,82.679375,83.73772,84.38274,84.8417,85.2296,85.3619,84.981705,83.73001,81.1592,72.92681,59.37778,49.415047,45.941677,46.308628,55.463886,67.7719,62.082283,54.400467,52.187473,52.898754,53.167248,53.1758,54.121063,53.96427,55.62668,61.071705,67.946976,72.24944,72.40812,71.33423,72.183235,73.94494,74.642365,76.28397,77.73568,77.70873,82.21891,82.00604,81.51625,81.89295,82.37548,82.84552,82.234604,81.43412,81.51448,81.327065,81.30367,81.44711,81.07956,80.582756,80.14773,80.03448,68.87497,31.412485,13.031066,30.052588,29.891306,31.119022,40.752552,51.894886,62.642277,70.26414,74.229935,75.887344,76.78569,75.56396,76.527,76.36758,75.99326,77.49298,76.52488,76.59262,75.62094,7.218085962804050,20240713T164025,21607
42.348377,-67.59511,256.87585,258.85916,211.50093,168.77754,180.8779,223.90631,223.33507,220.61597,216.95428,230.17616,259.11215,275.2921,249.47649,181.65903,186.18895,240.86484,227.67131,205.86133,266.55908,331.45197,356.338,366.82806,374.2584,371.64932,364.0067,357.12628,349.11084,347.55893,358.50076,365.47858,356.29517,362.87146,383.9039,383.3106,383.3825,382.00336,384.102,380.47894,369.48068,369.58093,370.911,379.81635,377.8056,363.217,365.9998,366.57516,362.21555,355.49973,347.90067,332.20605,294.5057,293.11533,351.61816,366.86057,355.97708,366.1204,392.30487,392.9851,367.53735,361.39633,377.99478,390.7571,408.11362,412.43835,411.40384,408.1273,408.93454,413.34848,424.85132,432.22488,438.34726,445.4621,434.4056,421.15134,422.5928,428.19522,434.91052,440.55124,437.7446,433.58194,433.3952,439.22238,443.99286,441.6318,434.5944,428.28378,426.22467,423.60507,422.5207,424.58557,419.39154,419.24042,429.08978,428.3466,428.94275,432.85565,428.50275,429.03738,435.40695,435.62347,435.51257,435.05978,433.767,428.36847,418.5259,397.36053,379.4537,370.5491,391.94537,404.69278,411.1299,409.07205,404.85413,404.7879,413.31094,415.57953,418.27982,422.49246,408.13806,400.24155,397.6436,387.45465,386.95453,390.41037,386.26227,394.11627,401.37317,396.76648,394.5819,394.90887,398.2737,401.18802,399.8049,394.41827,387.43677,383.1243,375.16153,349.21838,348.7364,358.7826,375.4236,381.04254,381.74316,379.26184,388.09726,387.1053,378.34512,361.20554,373.70642,387.57462,391.97653,394.34796,387.8415,376.4163,380.07486,386.35046,388.5802,379.46442,380.02805,375.80652,366.13254,363.8386,365.54504,369.13892,372.70013,372.86032,371.57764,369.275,367.4456,368.78873,370.3464,368.60062,368.2732,368.50537,369.30426,371.57077,367.32654,361.06403,355.85803,349.9921,351.02698,355.88855,353.85797,354.43265,353.91882,351.01456,347.27805,348.28876,349.00406,343.69327,340.7734,340.84787,344.0052,350.84564,349.85815,346.9442,344.19885,345.9803,343.2968,342.4456,347.0198,348.94803,351.8569,354.03528,353.57208,347.06235,343.429,339.52484,329.56592,308.75433,308.5369,321.15964,323.94498,326.0776,325.08286,323.49823,328.66055,329.65164,329.7672,329.9652,331.37854,329.9928,330.85196,334.251,339.29367,338.5214,337.37894,336.04724,333.76566,331.64563,330.3359,329.6428,329.28546,325.50037,324.18335,322.62653,319.15103,318.76904,323.4492,327.21466,328.1015,328.4985,325.69452,322.5306,319.4336,316.21683,317.52164,315.46576,312.53622,310.89804,310.8471,310.77185,311.89395,313.67157,314.29962,315.3484,315.80945,317.25214,319.65308,317.3871,313.68033,311.75012,311.92093,313.47284,312.5337,309.37204,304.31122,298.9797,296.0725,291.41092,295.91623,299.59653,300.347,304.0184,301.7119,282.44147,267.28378,270.0082,296.2186,302.54294,306.25723,309.4073,311.58777,311.01154,309.64188,311.17926,311.1444,310.12778,310.1161,311.43906,310.18518,307.65228,306.38492,307.10776,308.0444,307.0237,307.45535,307.544,307.2563,307.01047,306.72433,305.68723,305.24765,303.92407,301.98846,298.65143,288.22125,250.83792,250.73227,258.5051,265.62793,272.60928,276.06494,271.4874,267.43665,266.79477,273.63535,282.32727,281.2856,274.12842,269.01337,266.4094,266.43524,270.3203,275.92172,277.8866,276.7997,278.16168,279.03555,279.18036,279.92798,280.78958,280.05817,278.37943,277.89844,272.56134,260.0761,235.87317,214.0654,203.77252,204.58115,222.7125,248.03534,237.47293,222.66017,218.65126,220.84944,221.93538,220.9793,221.21606,222.47687,225.1293,235.80539,247.94023,255.41478,255.1671,252.76445,253.60692,255.25014,254.43272,255.94943,257.854,257.2207,268.23773,265.752,264.2997,265.11047,265.64114,265.617,264.31506,263.1163,262.7827,262.05176,262.7152,263.01788,262.72903,260.59146,260.5163,257.97693,234.06975,134.46875,76.625656,125.66849,130.88348,133.8824,164.07347,192.15152,217.55658,237.15807,245.66,247.04176,248.68509,248.34709,249.26323,248.18672,246.769,249.24289,249.67613,247.71046,248.66666,3.0873727676179500,20240705T165316,30371
39.41245,-77.05258,255.20229,267.9168,219.13187,175.31645,183.68918,231.36958,230.4467,231.38881,228.88399,242.47656,278.6367,294.14154,272.34015,190.32246,191.33272,260.822,242.9256,212.77504,284.30472,354.27026,380.30484,391.8272,401.59933,397.49622,390.2015,384.44742,377.19193,376.62018,392.4169,399.2072,389.26422,400.44275,418.1693,418.06015,417.49335,417.456,418.2841,411.97058,401.2295,400.24652,403.98212,412.7561,408.339,394.39413,396.6008,396.98294,391.67267,385.1122,376.8068,357.3249,319.19397,320.19833,376.56857,394.61145,385.1421,395.99564,421.79962,424.00592,401.1149,394.16327,412.63354,426.68195,447.5228,451.78827,452.05316,449.00848,447.78302,452.80893,467.08914,473.7331,480.95096,490.40442,474.34488,462.26456,460.27747,466.0949,472.73297,479.428,473.33704,469.0546,468.5215,475.4397,478.81946,477.45187,467.6263,461.16238,458.56992,454.71686,454.22684,456.452,447.0786,438.7111,433.2115,454.61914,462.6807,461.99606,462.86005,467.85342,473.863,474.316,473.7614,472.93735,472.57803,466.45892,454.65393,433.6893,410.07004,404.18167,429.2061,440.48132,446.12494,446.52032,438.4513,439.5766,448.51828,451.47137,451.52304,448.5449,439.2448,434.4973,429.40656,418.03278,420.32468,422.95386,420.53848,429.34543,433.70007,431.8019,426.2997,425.8567,428.66403,429.61874,426.57828,420.93063,412.70932,409.47382,397.30566,370.3136,372.91122,384.40018,401.50436,408.78357,409.3581,409.65823,418.34338,416.82034,406.2589,385.59918,404.09396,416.03412,422.18286,426.17303,416.68182,407.31696,408.7655,416.78622,417.3997,410.3942,410.90555,404.65588,396.7056,392.94766,396.2823,400.05798,402.9484,404.20847,402.55807,399.38425,396.13843,398.73416,399.77335,398.17407,398.13437,398.30707,395.85046,386.82568,390.1235,389.75165,384.44443,376.91898,380.0089,383.61722,382.35617,383.53882,382.49942,379.32068,373.77112,377.89743,378.05435,372.94098,369.7414,368.91458,369.92636,372.568,376.28693,374.8325,372.6856,375.2138,370.97147,371.1729,374.6541,377.24088,380.209,382.12497,381.9617,376.5296,373.8612,371.91165,367.60754,345.72906,350.92545,360.51288,365.38873,365.72623,364.8022,365.0143,367.16287,367.60577,365.5841,364.19077,364.44476,361.70267,361.73468,364.88724,370.13312,369.48495,367.6942,365.66818,363.65656,361.42398,362.98224,361.3055,356.2255,352.32214,350.6055,348.15588,345.04205,341.88,349.15256,352.3753,353.49496,353.9974,349.8492,346.60684,343.46094,340.9787,341.89896,341.99026,340.4046,338.30722,337.26773,337.30984,338.0131,338.77133,339.52307,340.98004,340.34848,342.4014,344.15875,342.2833,337.32928,335.6328,336.49628,338.1085,337.84894,335.91766,333.4677,331.99017,330.53818,325.66583,327.45837,331.37823,334.0122,334.4368,334.79382,319.62003,299.34222,301.5781,324.76663,334.2452,336.06015,338.9162,339.6584,337.8288,335.2848,336.60986,335.45175,334.06332,333.61365,333.97253,331.75766,329.3622,328.34943,328.42188,328.36823,326.77725,328.13947,327.87643,327.16916,326.42657,325.80637,325.40814,326.023,324.11526,321.82608,319.1082,309.26587,278.3427,279.43814,287.84933,295.60278,302.34442,307.98767,310.10498,308.83157,308.2366,311.38065,313.30408,311.9719,308.75946,305.74435,302.1622,301.33658,303.45264,306.3323,307.44476,306.37408,306.4551,306.9042,305.08536,305.76874,305.58707,304.18756,303.19553,302.55103,298.6854,294.80612,281.60236,268.55777,260.9882,261.91,272.29578,286.1909,285.3025,274.48563,273.70013,274.76825,273.8895,271.5234,270.49213,272.36737,275.70728,278.81882,285.54764,290.25278,289.86703,286.4711,286.6618,286.0292,284.11664,284.0043,284.64938,283.9581,287.61856,291.4706,289.5224,291.50058,292.16626,291.17505,288.30356,286.35486,284.83148,284.5865,285.39578,285.64648,284.93793,283.08945,281.4125,278.99176,256.30884,167.38968,115.19467,160.44853,168.23769,170.83064,200.6272,224.47609,248.462,266.27222,273.05328,274.9818,277.302,275.5772,277.10956,276.8037,273.40814,276.5544,274.5289,272.5914,272.21194,6.816711264158120,20240712T173906,26505
44.252777,-62.458515,108.302315,109.99899,89.90265,71.503265,76.267334,94.31791,93.302284,92.15735,90.991974,95.8149,107.55222,114.11911,102.525894,74.35306,75.94005,98.78297,92.62214,83.579704,107.834724,132.51903,141.78877,145.95026,148.57762,146.61394,142.77765,139.86005,136.68117,135.61139,139.0429,141.44716,137.92033,140.22083,147.46,146.64653,146.46921,145.95688,146.224,144.70256,139.57559,139.18007,139.5625,142.53746,140.99382,135.29381,136.22743,135.9813,134.1801,131.05469,127.9507,121.70808,107.35234,107.39037,128.15266,133.32503,128.67862,132.55568,140.94714,140.94507,131.92654,129.49861,134.89423,138.53014,144.3613,145.60344,144.9462,143.46455,143.5234,144.85934,148.59155,151.02383,152.98592,155.00775,150.8866,146.0797,146.43185,147.96292,149.81082,151.3558,149.90079,148.09662,148.07413,149.64178,150.87709,150.09189,147.30978,144.76263,143.86047,142.80046,142.05054,141.9558,140.02512,139.83856,142.93286,142.4522,142.18077,142.6999,141.0823,141.02467,142.80241,142.97682,142.80458,142.3305,141.91457,140.0712,136.69019,129.42647,123.46813,120.52911,127.29217,131.19247,132.98958,131.93549,130.54703,130.45143,132.88344,133.47504,134.08893,135.01419,130.29971,127.48455,126.22847,122.72306,121.816284,121.99405,120.2394,122.727196,125.096596,123.49458,122.75688,122.8184,123.81916,124.535706,123.97776,122.21531,119.749214,118.31128,115.84711,107.80052,107.63805,110.58999,115.31999,116.9956,117.03493,115.95,118.387024,117.97323,115.22391,109.75598,113.402794,117.37724,118.29038,118.99393,116.967354,113.39215,114.30778,116.01047,116.53822,113.74581,113.62381,112.081985,108.94517,107.984535,108.267044,109.257675,110.55889,110.33882,109.62406,108.66147,108.42752,108.65515,108.855286,108.425964,108.3248,108.32477,108.446625,109.07144,107.57643,105.523994,104.02032,102.21752,102.36352,103.597466,102.90874,102.919174,102.58993,101.54981,100.15372,100.080986,99.75539,97.35636,96.48323,96.568756,97.470505,99.02489,98.39194,97.4061,96.67346,97.12624,96.48492,96.39903,97.809906,98.49291,99.326096,99.858086,99.5803,97.83018,96.43346,94.32039,89.545006,81.84773,81.07392,84.72363,85.584694,86.97068,86.55427,85.59919,88.13131,88.68456,89.09255,89.69434,90.631744,90.82538,91.398254,92.4784,94.00243,93.840645,93.453735,92.98821,92.420975,91.86497,91.30429,90.87113,90.72594,89.71907,89.39738,88.89631,87.72064,87.77828,88.94719,89.8982,90.13687,89.97359,89.21455,88.255005,87.21736,86.18237,86.13709,84.567245,83.01124,82.66675,83.11193,83.3297,83.69094,84.16697,84.49465,85.01606,85.09587,85.48999,86.35439,85.73939,84.8774,84.42062,84.4457,84.78795,84.316414,82.83788,80.2675,77.32424,75.35204,74.44702,77.219986,78.44612,77.86051,80.004616,79.2808,73.93838,69.92374,70.99431,78.516685,80.34531,81.74113,83.078125,83.98269,83.7246,83.360245,83.851585,83.82464,83.5729,83.73714,84.040184,83.817215,83.031006,82.688736,83.053375,83.316124,83.03487,83.10619,82.973625,82.73541,82.637695,82.69634,82.30915,81.86126,81.40776,80.98077,80.026276,76.63766,63.156124,63.109417,65.819756,67.985634,69.74612,70.17087,66.585846,64.76054,65.56503,68.963745,72.53239,72.6458,68.69988,66.231384,65.29793,65.87478,67.75083,69.66597,69.93523,69.81579,70.945,71.57743,71.97391,72.40664,72.80185,72.80782,72.21117,71.58586,69.07289,62.536537,51.868477,43.83519,40.86409,41.092403,48.341934,58.385178,53.998592,48.045013,45.97094,46.51603,46.96381,46.987556,47.54186,47.358738,49.006794,53.160313,58.666016,62.188816,62.355938,61.41043,61.972298,63.38229,64.04881,65.42793,66.630684,67.05045,70.37644,70.11521,69.69874,70.07963,70.43599,70.74735,70.167175,69.265144,69.156136,69.19517,69.281296,69.63248,69.77666,68.94119,69.01548,68.09623,59.865524,28.888405,12.652909,26.861221,26.763659,27.41654,35.646904,44.872574,53.45738,60.68967,63.51092,65.18817,66.54754,65.121216,65.14564,65.68837,65.8764,66.5007,66.04395,66.00843,65.8548,8.564794170145250,20240710T163449,26223
40.547337,-73.09207,74.02205,77.7916,63.134846,50.1178,52.55102,65.68501,65.381256,65.19961,64.14614,67.76368,77.416794,81.379,75.59076,52.590992,52.501266,71.230225,66.54368,58.26775,77.59672,96.70568,103.5973,106.469055,107.83253,106.42143,104.14549,102.02126,99.79465,99.53974,102.91645,103.99166,101.26716,103.609764,107.58981,107.28127,107.00963,106.853775,106.46622,104.37488,101.46165,101.0506,101.5708,103.62811,102.1093,97.941795,97.97067,97.83508,96.27349,94.766594,91.92785,86.97411,77.63301,77.359566,90.53378,95.024734,92.40982,94.42468,100.2675,100.36004,94.75109,92.65723,96.722534,99.907394,104.51089,105.549194,105.628,104.84428,104.084625,104.90514,108.14206,109.56242,111.09548,113.12349,109.46491,106.592,105.818596,106.81432,108.1506,109.71768,108.073074,106.73112,106.132,107.60922,108.1704,107.490845,105.35464,103.71028,102.64045,101.708084,101.58533,102.11597,99.81972,97.796486,96.44527,101.041466,102.34662,101.654884,102.43539,103.69702,104.986565,105.200775,105.307495,105.34003,105.27251,104.179276,101.76379,96.998146,91.63074,90.26046,95.85992,98.48472,99.75147,99.709206,98.01673,98.3553,100.39796,100.87317,100.825455,100.201195,98.27538,97.08324,95.794716,93.378716,93.905045,94.42402,93.7175,95.716965,96.81698,96.59769,95.27239,95.208954,95.946,96.15476,95.4709,94.17389,92.21942,91.62569,89.05117,83.11558,83.91516,86.72711,90.81368,92.71718,93.17754,93.59103,95.846054,95.59334,93.19893,88.438,92.825195,95.785,97.47239,98.65952,96.57676,94.435234,94.72289,96.696205,96.94723,95.40606,95.565414,94.12332,92.24857,91.285706,92.031654,92.88158,93.51439,93.74683,93.25222,92.39508,91.57106,91.884796,91.864624,91.314316,91.27281,91.050835,90.39433,88.8727,89.374855,89.05671,87.68857,85.76427,86.41937,87.16152,86.65568,86.720245,86.24709,85.286415,83.84724,84.152664,83.50545,81.70987,80.55552,79.89271,79.62612,79.70841,79.75425,78.67671,77.44681,77.23307,75.64597,74.90109,74.82015,74.69422,74.370094,73.72803,72.62202,70.53669,68.94773,67.244514,64.83687,59.239388,59.041897,59.886955,60.02109,59.367695,58.062244,57.064537,56.725876,55.934208,54.83638,53.81043,52.995983,51.925045,51.323742,51.252888,51.60626,51.461716,50.91672,50.415035,50.091198,49.876095,50.105984,49.64241,48.618557,48.20779,47.740154,47.295166,46.80043,46.136528,47.140427,47.29358,47.19416,47.278236,46.479046,45.94963,45.484283,45.050938,44.79379,44.166172,43.54798,43.18424,43.27426,43.148468,43.321426,43.53551,43.658012,43.652836,43.384224,43.48479,43.692974,43.639114,42.96158,42.458626,42.376625,42.485153,42.30034,41.778988,41.08649,40.35701,39.689503,39.167557,39.56346,39.71217,39.80113,39.87249,39.75019,37.673065,34.926716,34.863415,37.37398,38.433765,38.531693,38.94959,38.92828,38.463608,38.099792,37.974743,37.73125,37.578613,37.538902,37.49844,37.110172,36.602093,36.54618,36.735992,36.806133,36.41745,36.20945,36.067585,36.039623,35.987495,35.83525,35.711212,35.528557,35.358234,35.123577,34.696438,32.903065,27.271852,27.50858,28.574015,29.578941,30.539232,31.176117,30.751102,30.43044,30.221552,31.189085,31.801826,31.539303,30.751486,29.573675,29.398544,29.178562,29.321873,29.519735,29.497616,29.322063,29.387228,29.376352,28.814674,28.891916,28.827469,28.474405,28.203423,28.105785,27.420153,26.269417,23.210243,21.289797,20.156683,20.185186,21.962,24.173552,23.194487,21.80477,21.258545,20.95718,20.96471,21.404888,21.527586,21.375242,21.860214,22.42049,23.66143,23.901302,24.378984,24.010267,23.579496,23.627975,23.971012,24.30141,24.255669,23.960262,24.999928,25.702442,25.205814,25.282505,25.518738,25.446943,24.506601,24.387798,24.74976,24.594105,24.322388,24.356318,24.36279,24.52048,24.5608,24.008747,21.491848,10.257318,5.055125,10.463374,10.583694,10.30212,14.247057,17.017359,20.352041,22.74932,23.235996,24.630299,25.173603,23.322464,23.770164,24.515263,24.9542,24.804605,24.416328,24.473806,24.574095,2.6973997175926800,20240703T172214,27509
41.340477,-70.53012,76.27418,78.48284,62.748787,50.41115,54.116833,65.347984,64.9516,64.31114,62.545,66.92249,74.420876,77.9086,70.599846,50.990643,51.899696,67.211845,62.634857,56.62469,73.86675,90.52977,96.38517,98.687996,100.23055,98.63122,95.74576,93.59002,91.21368,90.55349,92.97782,93.482506,90.97827,92.70169,96.18035,95.51162,94.67687,94.360504,94.036415,92.35754,89.43807,88.92563,89.18094,90.69981,89.50116,86.23091,85.805214,85.3824,84.37631,82.79531,80.25024,76.04897,67.73613,67.959305,79.18207,82.97657,81.02328,82.765396,87.496666,87.18656,81.9629,80.19212,83.13075,85.83725,89.22705,89.692726,89.33067,88.25833,87.88014,88.60992,91.02783,92.131485,93.1313,94.27552,91.06909,88.54774,88.088936,88.93565,89.93405,90.91979,89.320045,88.150345,87.9733,88.81456,89.0887,88.52656,86.532005,85.138596,84.51967,83.63399,83.28951,83.45527,81.971306,81.93423,83.03956,82.80519,82.83238,82.90271,81.81954,81.90246,82.52521,82.484474,82.26956,81.96998,81.64698,80.35198,78.10912,74.29389,70.32666,69.087975,72.83855,74.79538,75.680824,75.44095,74.0256,73.98462,75.21599,75.5467,75.34186,74.62308,72.975296,72.09119,71.122734,68.872215,69.04768,69.41664,68.990265,70.310394,70.93881,70.51732,69.56022,69.36713,69.71798,69.892456,69.35979,68.371315,66.96863,66.296585,64.23573,59.72361,59.96895,61.68974,64.38777,65.5497,65.59872,65.55902,66.99786,66.55263,64.77411,61.596718,64.3949,66.323,67.304886,67.63676,66.19779,64.76538,64.95035,66.01972,66.09598,65.052505,65.19015,64.147934,62.76865,62.19107,62.56477,63.108105,63.62202,63.53123,63.224277,62.744923,62.114037,62.4305,62.62173,62.464127,62.375084,62.215225,62.19994,62.650227,61.628017,60.441345,59.28174,58.158176,58.557854,59.095894,58.879433,58.743336,58.439827,57.911644,56.999737,57.253,56.95669,55.852367,55.13175,55.163033,55.501606,55.888786,55.544125,54.767887,54.018574,53.994385,53.283745,53.15369,53.512177,53.744892,53.981346,54.01889,53.722466,52.638813,51.940807,51.076916,49.635685,45.943707,46.34786,47.56215,47.948845,47.98532,47.474873,47.15086,47.417133,47.381935,47.06111,46.763134,46.64209,46.08896,46.084084,46.320465,46.60495,46.72313,46.51571,46.269573,46.04615,45.441216,45.12366,44.953373,44.78643,44.275135,43.949646,43.639103,43.377018,43.29883,43.528152,43.70786,43.85044,43.96011,43.422287,43.056877,42.59582,42.072968,42.233727,41.697075,41.14399,40.80523,40.827137,40.999676,41.322323,41.537365,41.55511,41.664215,41.54445,41.76561,41.991825,41.699207,41.112907,41.056515,41.052353,40.95105,40.83722,40.320248,39.518738,38.810154,38.331104,37.830853,38.427433,38.636528,38.687275,38.750153,38.573185,36.472458,34.168194,34.26675,36.984257,37.957756,38.7394,38.873432,38.75815,38.534687,38.033356,38.201572,37.964622,37.800385,37.8397,37.932728,37.458817,37.249264,37.228752,37.319653,37.382893,37.207977,37.010765,36.909744,36.925,36.944252,36.854733,36.613506,36.664097,36.380966,36.1846,35.809464,34.020992,28.190546,28.663847,29.676512,30.90727,32.237324,33.11106,32.41761,32.252552,32.698666,33.97444,35.087112,35.273735,34.612965,34.016804,33.99052,34.294228,34.987423,35.710842,36.171455,36.49709,37.262432,37.780216,37.897003,38.24778,38.48434,38.64559,38.971764,39.21076,38.806496,37.16436,32.84654,29.859364,28.486252,28.855211,31.811262,36.39039,36.072727,33.395462,32.995327,33.251892,33.699654,34.183853,34.411312,34.814144,36.291683,37.86611,41.101856,42.627197,43.722435,43.39973,43.633804,44.246742,44.648476,45.345936,46.251667,46.28147,47.532616,48.660397,48.644756,49.116714,49.450756,49.505432,49.116837,48.709465,48.901077,49.078846,49.08473,49.41766,49.593746,49.266846,48.983456,48.73734,43.888145,23.520845,8.715001,17.376616,20.230036,19.017094,25.27529,32.01388,38.92927,44.02354,45.830994,47.885273,48.588818,47.395985,47.77637,48.80544,48.6791,49.09437,48.688465,48.548645,48.489864,0.021990041587045500,20240714T171003,22243
41.495995,-70.17705,81.99082,82.7716,66.84231,53.066444,57.31102,70.00001,69.28435,67.910484,66.4493,70.40575,78.79841,82.820885,74.69401,53.995327,55.223618,70.68454,66.53753,60.243656,77.662506,96.321594,103.178604,105.404465,106.68501,105.2597,102.680214,100.29995,97.241585,96.236824,98.98693,100.2928,97.05056,98.21203,103.18635,102.20683,101.8709,101.20562,101.15862,99.4699,96.371056,95.961975,95.84075,97.73572,96.76309,92.62888,92.801315,92.3554,90.88807,89.12568,86.483505,82.60093,72.71224,72.31319,85.81921,89.43413,86.12525,88.40366,94.06542,93.70723,87.624596,85.50817,88.9232,91.66775,95.50009,96.27438,95.698006,94.29023,94.07817,94.83499,97.37861,98.73103,99.7138,100.95428,98.05509,94.70508,94.86509,95.76143,96.84597,97.70837,96.702,95.40994,95.03498,96.01289,96.77741,95.99679,94.16791,92.5127,91.835396,91.0162,90.42318,90.3165,88.98839,88.75387,90.597496,90.12452,89.89582,90.32771,89.31623,89.28437,90.40824,90.13363,89.817535,89.46737,89.14016,87.80753,85.45633,80.8204,76.98739,75.05252,79.25304,81.55611,82.60208,82.131714,81.15379,80.96648,82.458694,82.742676,83.044754,83.55626,80.551796,78.77867,78.01435,75.76977,75.199425,75.33659,74.26574,75.76675,77.16852,76.09881,75.61461,75.66895,76.35848,76.73334,76.31543,75.16287,73.67618,72.72993,71.11731,66.12072,65.88464,67.69639,70.882126,71.76306,71.7695,71.251335,72.90235,72.50093,70.65139,67.65141,69.82625,72.17255,72.75367,73.083855,71.71901,69.41511,70.022125,71.23126,71.669334,69.854385,69.76346,68.7699,66.75715,66.106834,66.29422,66.91196,67.618576,67.61132,67.2623,66.6755,66.40757,66.53945,66.70686,66.477,66.33079,66.26731,66.31122,66.62351,65.80802,64.63293,63.62394,62.427456,62.507492,63.324383,62.971672,62.927036,62.724667,62.18611,61.24367,61.11452,60.855293,59.380234,58.824844,58.86157,59.368572,60.131107,59.68836,59.07599,58.60936,58.588364,58.127712,58.07918,58.92449,58.998676,59.187977,59.273808,59.011585,57.762535,56.719456,55.23911,52.14325,47.534595,47.00374,49.0277,49.283306,49.951942,49.533955,48.80049,50.2239,50.45932,50.52524,50.690468,51.235596,51.211025,51.47143,52.03659,52.68143,52.437305,52.220737,52.028473,51.67414,51.4215,51.148968,50.94655,50.932983,50.024525,49.79941,49.578274,48.91192,48.753525,49.325626,49.832302,49.946667,49.722218,49.10309,48.647785,48.27675,47.673244,47.525124,46.8208,46.108803,45.842274,46.024033,46.00425,46.044205,46.21832,46.516247,46.668533,46.529865,46.598625,46.984444,46.48773,46.140594,45.899582,45.765427,45.72822,45.61864,44.61956,43.1918,41.6597,40.36133,40.228687,41.506245,41.954132,41.57379,42.57799,42.296482,39.17002,36.884933,37.516087,41.42485,42.294937,43.074986,43.830116,44.340416,44.245068,44.00693,44.033134,43.856483,43.75031,43.99875,43.937992,43.806126,43.41299,43.249474,43.48385,43.78939,43.60272,43.52547,43.368713,43.272198,43.24114,42.729816,42.898518,42.658348,42.47462,42.32256,41.726227,39.81479,33.310974,33.172123,34.399357,35.39717,36.141613,36.06785,33.771698,32.687443,32.904083,34.728786,36.765858,36.628986,34.710552,33.420418,32.854378,33.063026,33.99799,34.971794,34.977703,34.626446,35.41221,35.877552,35.90827,35.973427,36.13576,36.117855,36.1246,35.810104,34.328697,30.963202,25.814411,21.992832,20.487038,20.439562,23.935923,28.879593,26.656298,23.821327,22.700287,22.696016,22.860943,23.04847,23.299116,23.029522,23.900919,26.146118,28.776726,30.567936,30.762562,30.285572,30.413292,30.908417,31.238085,32.34929,32.987152,32.785057,34.71201,35.021862,34.609352,34.94503,35.126247,35.159317,34.866962,34.490314,34.387615,34.367092,34.53061,34.28593,34.61407,34.25127,33.93087,33.664577,29.98907,15.044733,7.131503,14.340022,14.550121,14.392506,18.491655,23.547274,27.044733,30.95066,31.866558,33.025543,33.02739,31.564577,32.205948,32.754787,32.608257,33.094013,32.7364,33.005516,32.189095,0.36892999678123400,20240711T170428,21051
43.800835,-60.86391,122.11156,122.44448,99.29647,79.226166,85.23703,105.78082,104.943726,103.243546,101.79584,107.85057,121.2341,127.67981,115.49647,83.50221,85.93282,110.71806,104.30847,94.79363,121.59421,149.89166,160.86263,165.18382,168.08243,166.5106,162.51648,159.06508,155.10771,154.03943,158.70209,161.14569,156.509,159.44196,168.13326,167.38286,167.40857,166.00313,166.38446,164.82315,159.64297,159.22711,159.70125,162.733,161.57133,155.51697,156.34998,156.16342,154.27364,150.18456,146.92719,140.1424,124.01734,123.56081,147.63037,153.53137,148.42146,152.74818,163.15605,162.7786,152.39,149.83296,155.78871,160.70433,167.65115,169.03091,168.1905,166.62508,166.66109,168.19446,172.79543,175.58138,177.7423,180.08887,175.317,169.79984,170.41687,172.3847,174.70857,176.6632,175.02982,172.9615,172.97998,174.89366,176.40128,175.47545,172.37894,169.5704,168.62111,167.54666,166.83682,166.8716,164.85645,164.69475,168.06323,167.58565,167.44353,168.30603,166.2525,166.35599,168.99298,169.04512,168.90714,168.58617,168.01639,165.93665,162.09868,153.22978,146.10071,142.65727,150.74149,155.45274,157.73485,156.78656,154.9654,154.74301,157.84593,158.5166,159.18774,160.23615,154.76884,151.61165,150.31683,145.9626,145.09132,145.62718,143.37479,146.3208,149.15483,147.20782,146.27814,146.50388,148.15054,149.04861,148.2968,146.04033,143.33533,141.70372,138.72006,128.92041,128.74858,132.39401,138.23303,140.25139,140.43102,139.38306,142.33842,141.86098,138.61185,132.2407,136.67741,141.57248,142.95132,143.60338,141.20319,137.10771,138.16,140.23276,140.93605,137.68745,137.72957,135.81488,131.7399,130.59976,131.05125,132.32828,133.79578,133.6288,133.02489,132.21802,131.66751,131.94678,132.33435,131.98921,131.5044,131.3339,131.56941,132.3938,130.62646,128.171,126.36812,124.05495,124.21736,125.78288,124.956,124.89887,124.51027,123.396736,121.831795,121.640236,121.127,118.32363,117.42727,117.582565,118.65005,120.55083,119.90642,118.83304,118.02577,118.50304,117.68967,117.56667,119.28097,120.42758,121.549614,122.19046,121.81242,119.68941,117.974,115.35541,109.44433,100.49207,99.747215,104.21826,105.38929,106.985855,106.43086,105.268745,108.31284,109.16568,109.71558,110.40143,111.597466,111.67679,112.407814,113.86503,115.65451,115.329994,114.86169,114.414406,113.905716,113.02576,112.35648,111.920135,111.68676,110.53793,110.03566,109.38415,108.13092,108.173546,109.76966,110.956726,111.095795,110.98428,109.888954,108.96299,108.01011,106.31957,106.46346,104.69839,102.92999,102.626625,103.09295,103.3245,103.73182,104.353065,105.01905,105.44078,105.5495,106.013176,106.88914,106.15725,104.927765,104.37099,104.48068,104.8644,104.24032,102.4363,99.37607,95.93627,93.735985,93.09747,95.92994,97.07472,96.469055,99.03735,98.180016,92.39525,87.38601,87.90027,97.22228,99.270325,100.89806,102.35529,103.2969,103.101776,102.66026,103.17759,103.19093,102.9151,102.95585,103.08829,102.6558,101.63916,101.0428,101.32744,102.04182,101.57092,101.616486,101.6847,101.6206,101.47393,101.42296,100.96406,100.643745,100.00921,99.36414,98.33839,93.927986,77.929306,78.254616,81.38382,83.90457,86.38079,86.81149,82.43876,80.2415,81.711205,85.93694,89.80264,89.54349,84.80204,82.27351,81.30445,81.75237,83.87771,86.36662,86.78767,86.73101,87.78726,88.487236,88.72371,89.27765,89.99679,89.985535,89.31569,88.75951,85.62339,77.811424,64.794716,54.849815,51.11044,51.398514,60.388397,72.78784,67.2764,60.012043,58.025536,58.670692,58.892593,58.951107,59.856277,59.693085,60.32474,66.62197,73.793625,77.840706,77.993614,76.76594,77.36457,79.05494,79.6581,81.08492,82.69483,83.266754,87.09822,87.46055,86.482994,86.62514,86.96507,87.15127,86.50152,86.084076,86.35048,85.88619,85.89252,86.20067,86.22667,86.0086,84.941795,85.08726,74.69194,35.88198,16.11794,33.70894,34.399586,34.507305,45.44862,57.471188,67.36839,76.32403,80.02797,81.623474,83.10513,81.90997,82.08156,82.12414,81.51559,83.00377,82.55054,82.68857,81.96645,9.959806704214950,20240707T162417,25083
45.840656,-58.726322,287.4804,291.80252,236.83081,189.71385,204.60403,253.07181,251.53104,248.21262,245.1988,259.76166,293.64206,310.80716,281.74478,205.30524,210.96034,273.33664,257.08548,233.42197,302.53787,375.317,403.28433,415.29755,423.62637,420.77478,412.41153,404.27924,394.59042,392.6735,405.18243,413.44812,404.28403,413.0459,435.9639,434.52832,434.685,433.12607,435.69528,431.18588,418.72665,419.47903,422.1405,431.64908,428.88742,412.60648,415.55215,416.13968,411.7969,403.64307,395.51166,377.72925,334.52756,334.0392,400.0046,417.5931,405.17685,416.52603,445.8324,447.32248,417.89334,411.4139,430.2038,443.89737,464.4144,469.72467,468.70007,464.81137,465.7104,470.77237,483.92776,492.69662,499.81183,506.891,494.19556,479.39383,481.52704,488.12604,495.74435,501.6794,498.15195,493.4429,494.1353,500.44385,505.41916,502.8625,494.58954,487.31503,485.4752,482.76706,481.42984,483.05408,477.22806,477.28732,488.7732,487.625,487.96063,492.1056,487.04144,487.89853,495.77234,495.7011,495.75574,495.80948,494.13126,488.1835,477.3215,452.62033,432.31082,422.62253,447.4918,461.62512,468.35736,465.71762,461.23737,461.37186,470.81165,473.62378,476.63568,480.9188,464.83408,456.2221,453.65387,441.62347,441.04437,445.19714,440.6442,449.24142,457.24094,452.39026,449.96936,450.27762,453.93945,457.1432,455.5521,449.52377,441.96762,437.15604,428.13226,399.00238,398.70435,410.069,428.44113,434.3472,435.02585,432.4313,442.38254,441.01407,430.92004,411.94754,426.18332,441.74893,446.3977,448.73685,441.49533,429.05566,433.54892,440.37082,442.66925,432.82886,432.92172,428.05154,417.56436,414.88544,416.56073,420.5008,424.9741,424.76123,423.17233,420.83554,418.85202,420.26306,421.9142,420.06808,419.27234,419.46274,420.68274,423.24225,418.4001,411.43604,406.0102,399.20822,400.08112,405.38434,403.69638,404.20883,403.3963,400.0116,395.81064,396.90295,397.5632,391.28647,387.67218,387.7058,391.34818,398.75998,397.2481,393.7539,390.67816,392.54312,389.81253,389.1934,394.5144,396.91162,400.209,402.6055,402.0925,395.7387,391.7371,386.90222,375.3932,351.98395,351.53192,365.4401,368.69183,371.23672,370.2248,368.4536,374.03165,375.27975,375.35803,375.4101,377.0983,375.64905,376.64667,380.4413,386.05774,384.9831,383.78674,382.53415,380.0785,377.55655,375.68527,374.65042,374.5808,370.58215,369.13815,367.24197,363.09198,362.69968,367.74615,372.10812,373.5591,373.6734,370.31207,366.72623,363.1742,359.0541,360.68204,357.8663,353.8652,351.66278,352.56073,352.38098,353.99072,356.69598,357.4577,358.59644,359.06348,360.80704,363.7987,361.12726,357.07117,355.07315,355.47052,357.42703,356.26498,352.417,346.7223,340.88852,337.42026,332.3596,337.53162,341.52502,342.06442,346.00293,343.15927,321.30695,304.41058,307.8727,337.49512,344.5583,348.58044,352.06787,354.4936,353.68274,352.29947,353.97903,353.84222,352.80884,353.21515,354.83258,353.14096,349.9811,348.4665,349.44595,350.6997,349.40976,349.31274,349.33524,349.21127,348.9291,348.37042,347.70212,347.31454,345.40213,342.7762,338.90536,326.4853,281.6891,281.4126,290.81058,299.55664,308.19342,313.14996,309.422,304.78427,303.72287,311.1528,321.02258,320.3019,311.49432,306.13254,303.16565,303.5282,307.67886,313.15933,315.3456,313.98,315.86148,317.20734,317.64542,318.2109,318.89694,318.3841,316.01425,315.54984,310.36816,296.8274,269.99234,245.89384,234.2303,234.16504,253.93037,281.53528,270.85574,254.90025,250.22485,252.38596,253.70662,252.64275,252.50867,254.60698,257.12692,268.05148,281.70102,290.62985,290.4893,286.84494,287.37955,289.58676,288.66605,290.99442,292.52,291.82645,303.00558,299.9205,298.77084,299.31085,299.39273,299.65335,298.71057,297.30676,296.7712,295.96786,296.1997,296.9412,296.95645,294.4993,294.27127,291.2676,264.934,149.50882,83.81542,137.58943,142.05849,146.5244,180.64757,213.79028,243.13246,266.53946,277.0527,278.3966,280.4465,279.85254,281.2122,280.76425,277.43484,279.95712,281.0585,278.71957,278.7521,12.616145170297500,20240701T161753,19709
40.19437,-74.42334,142.6808,149.61386,122.58904,97.12425,101.221306,128.23814,128.21664,128.21455,127.09939,133.76712,152.78459,161.09035,149.21367,105.641846,104.36134,141.54164,132.51366,116.30438,153.33305,191.20538,205.76157,211.67561,216.83925,215.02751,210.34482,206.53226,202.93394,202.01178,209.17984,213.3058,208.47928,213.45695,222.86194,223.28773,222.90771,222.53801,222.26486,219.01497,213.27727,212.19096,213.77632,217.89871,215.55708,208.07053,208.96777,208.63545,205.52374,202.15955,196.92615,186.66142,167.14076,166.58191,195.31506,205.51118,200.25053,205.41168,218.61192,220.31078,208.20036,203.75368,213.39162,220.37543,230.66257,232.87067,233.1586,231.87747,230.91756,233.35277,240.93393,244.12048,247.6027,252.31749,244.40417,238.18011,236.53947,239.5787,243.03076,246.40489,242.86038,240.25789,239.63768,243.26224,245.03069,244.28471,239.00269,235.36482,233.63606,231.51488,230.88136,231.46959,227.53925,226.60957,228.23114,232.29208,234.04272,234.18614,233.93889,236.18724,239.20616,239.57666,239.58334,239.39832,239.08838,236.21329,230.4815,219.92102,207.53114,204.16219,216.68979,222.72906,225.94673,226.48518,221.71283,222.03621,226.70486,228.13446,228.07208,226.4995,221.92596,219.11958,215.97012,209.77957,210.1714,210.58008,208.30382,213.16774,215.72946,214.90506,211.82936,211.81506,213.75279,214.47437,213.2055,210.52927,206.28552,204.66733,198.6752,185.36678,186.22455,191.59537,199.89497,203.65926,204.46022,205.04158,209.04141,208.67397,203.5403,192.77745,201.90538,208.36803,212.18942,213.74625,209.17108,204.70056,205.25249,209.28587,209.69052,206.31297,206.39963,203.16197,198.86171,196.01259,197.87123,199.83127,201.0235,201.84483,201.13673,199.7343,198.59268,200.02016,200.64032,199.96846,200.07195,199.60301,200.1892,203.88995,199.83583,195.76749,192.33353,188.54149,189.79948,191.37672,190.75423,191.09776,190.31984,188.47331,185.46007,186.92242,186.1026,182.54677,181.01643,180.43695,183.34,190.93231,186.21661,183.09625,181.82317,182.96469,181.04955,181.32426,183.29005,185.12025,186.98634,188.01723,187.7908,185.18953,183.00829,180.38315,175.75806,161.24294,162.6556,167.46494,170.64078,172.20125,170.84726,170.7524,173.52316,174.80971,175.0685,175.70633,177.12216,176.66069,177.28596,179.1863,181.99094,182.54814,181.58849,180.40195,179.35602,178.12596,175.91805,175.05734,175.0887,173.26692,172.31445,171.1008,169.5102,167.59886,171.26993,172.4631,172.63232,172.8673,170.5734,169.2306,167.65137,165.95363,165.91422,164.73242,162.7505,161.46588,162.45688,162.38025,162.88846,163.71837,164.69165,165.66899,165.25769,166.31918,167.44725,166.94553,164.69473,163.96764,164.42528,165.16127,164.83827,162.92941,159.6971,156.42015,153.94879,152.84796,155.89937,157.17603,158.08357,159.30557,160.34041,153.02473,143.04726,144.42906,156.5648,162.20662,163.61661,165.34477,166.1247,165.53569,164.05565,164.83742,164.244,163.62527,163.42233,163.46756,162.60129,161.33327,160.6069,160.76611,161.17647,160.53113,160.83974,160.82602,160.64664,160.47389,160.34357,160.08218,160.22832,159.20874,158.07158,156.56389,150.10934,129.22493,128.7622,133.9289,138.50832,142.28336,144.51985,142.38004,139.41127,140.57211,145.14616,149.669,150.05931,145.47937,141.99512,141.09575,141.37215,144.4944,147.85486,149.04713,148.45726,149.85745,151.45294,151.755,152.65878,153.55692,153.98112,153.8648,153.0332,150.40497,143.46246,125.3884,113.16125,107.433334,108.98144,120.43157,136.51862,134.62744,121.628174,120.15699,121.317055,122.251884,122.76948,123.11211,124.17902,127.314644,133.19331,145.23395,152.52565,152.89563,151.07466,152.99438,155.76009,157.23087,159.32744,162.22163,163.65433,167.5716,171.81003,171.29279,173.69232,174.74066,174.89828,173.79443,173.24483,172.74283,172.4972,173.12015,174.17923,174.5188,173.53525,172.72174,171.16585,153.21823,82.47469,44.37649,75.33071,79.865585,79.08613,99.28141,120.55936,142.571,158.47594,165.1273,167.82088,170.52873,169.62196,171.41388,171.10503,169.61813,171.75388,171.42271,169.04164,169.81447,4.073666217610370,20240706T172756,27702