date,latitude,longitude,nearest_lat,nearest_lon,distance_km,pace_short_name,status,pace_local_file,target_nm_requested,target_nm_used,rrs_target,rrs_346,rrs_348,rrs_351,rrs_353,rrs_356,rrs_358,rrs_361,rrs_363,rrs_366,rrs_368,rrs_371,rrs_373,rrs_375,rrs_378,rrs_380,rrs_383,rrs_385,rrs_388,rrs_390,rrs_393,rrs_395,rrs_398,rrs_400,rrs_403,rrs_405,rrs_408,rrs_410,rrs_413,rrs_415,rrs_418,rrs_420,rrs_422,rrs_425,rrs_427,rrs_430,rrs_432,rrs_435,rrs_437,rrs_440,rrs_442,rrs_445,rrs_447,rrs_450,rrs_452,rrs_455,rrs_457,rrs_460,rrs_462,rrs_465,rrs_467,rrs_470,rrs_472,rrs_475,rrs_477,rrs_480,rrs_482,rrs_485,rrs_487,rrs_490,rrs_492,rrs_495,rrs_497,rrs_500,rrs_502,rrs_505,rrs_507,rrs_510,rrs_512,rrs_515,rrs_517,rrs_520,rrs_522,rrs_525,rrs_527,rrs_530,rrs_532,rrs_535,rrs_537,rrs_540,rrs_542,rrs_545,rrs_547,rrs_550,rrs_553,rrs_555,rrs_558,rrs_560,rrs_563,rrs_565,rrs_568,rrs_570,rrs_573,rrs_575,rrs_578,rrs_580,rrs_583,rrs_586,rrs_588,rrs_613,rrs_615,rrs_618,rrs_620,rrs_623,rrs_625,rrs_627,rrs_630,rrs_632,rrs_635,rrs_637,rrs_640,rrs_641,rrs_642,rrs_643,rrs_645,rrs_646,rrs_647,rrs_648,rrs_650,rrs_651,rrs_652,rrs_653,rrs_655,rrs_656,rrs_657,rrs_658,rrs_660,rrs_661,rrs_662,rrs_663,rrs_665,rrs_666,rrs_667,rrs_668,rrs_670,rrs_671,rrs_672,rrs_673,rrs_675,rrs_676,rrs_677,rrs_678,rrs_679,rrs_681,rrs_682,rrs_683,rrs_684,rrs_686,rrs_687,rrs_688,rrs_689,rrs_691,rrs_692,rrs_693,rrs_694,rrs_696,rrs_697,rrs_698,rrs_699,rrs_701,rrs_702,rrs_703,rrs_704,rrs_706,rrs_707,rrs_708,rrs_709,rrs_711,rrs_712,rrs_713,rrs_714,rrs_717,rrs_719
2024-07-01,41.362,-70.5226,41.354164123535156,-70.52082824707031,0.8837701437617533,PACE_OCI_L3M_RRS,ok,"<File-like object HTTPFileSystem, https://obdaac-tea.earthdatacloud.nasa.gov/ob-cumulus-prod-public/PACE_OCI.20240601_20240702.L3m.R32.RRS.V3_1.Rrs.4km.nc>",442.0,442.0,0.00279800221323967,0.001515999436378479,0.0016120001673698425,0.0016440004110336304,0.0016460008919239044,0.0016680024564266205,0.0018119998276233673,0.001916002482175827,0.0019460022449493408,0.001900002360343933,0.0017840005457401276,0.0017200000584125519,0.0018520019948482513,0.0020200014114379883,0.001873999834060669,0.0017659999430179596,0.002013999968767166,0.0021440014243125916,0.0021039992570877075,0.0019760020077228546,0.0020040012896060944,0.0023160018026828766,0.002408001571893692,0.002227999269962311,0.0020940005779266357,0.0021120011806488037,0.0021199993789196014,0.0021240003407001495,0.0021499991416931152,0.002181999385356903,0.0022439993917942047,0.002254001796245575,0.0022820010781288147,0.0023340024054050446,0.002410002052783966,0.002526000142097473,0.002594001591205597,0.002598002552986145,0.0026459991931915283,0.002725999802350998,0.00279800221323967,0.002886001020669937,0.0029760003089904785,0.003074001520872116,0.0031579993665218353,0.003230001777410507,0.0032860003411769867,0.0033560022711753845,0.003430001437664032,0.0034920014441013336,0.0035240016877651215,0.003596000373363495,0.0036940015852451324,0.003788001835346222,0.0038800016045570374,0.003976002335548401,0.004068002104759216,0.0041720010340213776,0.004252001643180847,0.004300002008676529,0.004381999373435974,0.004478000104427338,0.004562001675367355,0.004652000963687897,0.004750002175569534,0.0048340000212192535,0.004879999905824661,0.004904001951217651,0.004902001470327377,0.004955999553203583,0.005072001367807388,0.0051739998161792755,0.005270000547170639,0.0053800009191036224,0.005474001169204712,0.0055520012974739075,0.005600001662969589,0.005660001188516617,0.005712002515792847,0.00573199987411499,0.00573199987411499,0.0057240016758441925,0.0057060010731220245,0.0056859999895095825,0.005674000829458237,0.005688000470399857,0.005712002515792847,0.0057260021567344666,0.005713999271392822,0.005669999867677689,0.005600001662969589,0.00548199936747551,0.0053259991109371185,0.005132000893354416,0.0048880018293857574,0.004610002040863037,0.004292000085115433,0.003956001251935959,0.0036059990525245667,0.0015619993209838867,0.0015220008790493011,0.001499999314546585,0.0014740005135536194,0.0014520026743412018,0.0014320015907287598,0.0013980008661746979,0.001364000141620636,0.0013260021805763245,0.0012880004942417145,0.0012740008533000946,0.0012440010905265808,0.0012260004878044128,0.001210000365972519,0.001198001205921173,0.001196000725030899,0.001175999641418457,0.0011599995195865631,0.0011400021612644196,0.0011139996349811554,0.0010979995131492615,0.001078002154827118,0.001062002032995224,0.0010320022702217102,0.0010000020265579224,0.0009640008211135864,0.0009279996156692505,0.0009040012955665588,0.0008780024945735931,0.0008580014109611511,0.0008460022509098053,0.000833999365568161,0.0008320026099681854,0.0008300021290779114,0.0008300021290779114,0.0008359998464584351,0.0008420012891292572,0.0008460022509098053,0.0008600018918514252,0.000870000571012497,0.0008780024945735931,0.0008840002119541168,0.0008840002119541168,0.000890001654624939,0.000890001654624939,0.0008860006928443909,0.0008840002119541168,0.0008840002119541168,0.0008760020136833191,0.000872001051902771,0.0008600018918514252,0.000833999365568161,0.0008060000836849213,0.0007620006799697876,0.000720001757144928,0.0006760023534297943,0.0006440021097660065,0.0006220005452632904,0.0006039999425411224,0.0005859993398189545,0.0005640015006065369,0.0005480013787746429,0.000530000776052475,0.0005140006542205811,0.0005040019750595093,0.00048400089144706726,0.0004660002887248993,0.0004459992051124573,0.0004200004041194916,0.00039999932050704956,0.00038200244307518005,0.00035200268030166626,0.00026400014758110046,0.00018399953842163086
2024-07-02,41.362,-70.5226,41.354164123535156,-70.52082824707031,0.8837701437617533,PACE_OCI_L3M_RRS,ok,"<File-like object HTTPFileSystem, https://obdaac-tea.earthdatacloud.nasa.gov/ob-cumulus-prod-public/PACE_OCI.20240601_20240702.L3m.R32.RRS.V3_1.Rrs.4km.nc>",442.0,442.0,0.00279800221323967,0.001515999436378479,0.0016120001673698425,0.0016440004110336304,0.0016460008919239044,0.0016680024564266205,0.0018119998276233673,0.001916002482175827,0.0019460022449493408,0.001900002360343933,0.0017840005457401276,0.0017200000584125519,0.0018520019948482513,0.0020200014114379883,0.001873999834060669,0.0017659999430179596,0.002013999968767166,0.0021440014243125916,0.0021039992570877075,0.0019760020077228546,0.0020040012896060944,0.0023160018026828766,0.002408001571893692,0.002227999269962311,0.0020940005779266357,0.0021120011806488037,0.0021199993789196014,0.0021240003407001495,0.0021499991416931152,0.002181999385356903,0.0022439993917942047,0.002254001796245575,0.0022820010781288147,0.0023340024054050446,0.002410002052783966,0.002526000142097473,0.002594001591205597,0.002598002552986145,0.0026459991931915283,0.002725999802350998,0.00279800221323967,0.002886001020669937,0.0029760003089904785,0.003074001520872116,0.0031579993665218353,0.003230001777410507,0.0032860003411769867,0.0033560022711753845,0.003430001437664032,0.0034920014441013336,0.0035240016877651215,0.003596000373363495,0.0036940015852451324,0.003788001835346222,0.0038800016045570374,0.003976002335548401,0.004068002104759216,0.0041720010340213776,0.004252001643180847,0.004300002008676529,0.004381999373435974,0.004478000104427338,0.004562001675367355,0.004652000963687897,0.004750002175569534,0.0048340000212192535,0.004879999905824661,0.004904001951217651,0.004902001470327377,0.004955999553203583,0.005072001367807388,0.0051739998161792755,0.005270000547170639,0.0053800009191036224,0.005474001169204712,0.0055520012974739075,0.005600001662969589,0.005660001188516617,0.005712002515792847,0.00573199987411499,0.00573199987411499,0.0057240016758441925,0.0057060010731220245,0.0056859999895095825,0.005674000829458237,0.005688000470399857,0.005712002515792847,0.0057260021567344666,0.005713999271392822,0.005669999867677689,0.005600001662969589,0.00548199936747551,0.0053259991109371185,0.005132000893354416,0.0048880018293857574,0.004610002040863037,0.004292000085115433,0.003956001251935959,0.0036059990525245667,0.0015619993209838867,0.0015220008790493011,0.001499999314546585,0.0014740005135536194,0.0014520026743412018,0.0014320015907287598,0.0013980008661746979,0.001364000141620636,0.0013260021805763245,0.0012880004942417145,0.0012740008533000946,0.0012440010905265808,0.0012260004878044128,0.001210000365972519,0.001198001205921173,0.001196000725030899,0.001175999641418457,0.0011599995195865631,0.0011400021612644196,0.0011139996349811554,0.0010979995131492615,0.001078002154827118,0.001062002032995224,0.0010320022702217102,0.0010000020265579224,0.0009640008211135864,0.0009279996156692505,0.0009040012955665588,0.0008780024945735931,0.0008580014109611511,0.0008460022509098053,0.000833999365568161,0.0008320026099681854,0.0008300021290779114,0.0008300021290779114,0.0008359998464584351,0.0008420012891292572,0.0008460022509098053,0.0008600018918514252,0.000870000571012497,0.0008780024945735931,0.0008840002119541168,0.0008840002119541168,0.000890001654624939,0.000890001654624939,0.0008860006928443909,0.0008840002119541168,0.0008840002119541168,0.0008760020136833191,0.000872001051902771,0.0008600018918514252,0.000833999365568161,0.0008060000836849213,0.0007620006799697876,0.000720001757144928,0.0006760023534297943,0.0006440021097660065,0.0006220005452632904,0.0006039999425411224,0.0005859993398189545,0.0005640015006065369,0.0005480013787746429,0.000530000776052475,0.0005140006542205811,0.0005040019750595093,0.00048400089144706726,0.0004660002887248993,0.0004459992051124573,0.0004200004041194916,0.00039999932050704956,0.00038200244307518005,0.00035200268030166626,0.00026400014758110046,0.00018399953842163086
2024-07-03,41.362,-70.5226,41.354164123535156,-70.52082824707031,0.8837701437617533,PACE_OCI_L3M_RRS,ok,"<File-like object HTTPFileSystem, https://obdaac-tea.earthdatacloud.nasa.gov/ob-cumulus-prod-public/PACE_OCI.20240609_20240710.L3m.R32.RRS.V3_1.Rrs.4km.nc>",442.0,442.0,0.0031860023736953735,0.0021880008280277252,0.002248000353574753,0.002256002277135849,0.002232000231742859,0.002256002277135849,0.002369999885559082,0.0024980008602142334,0.002564001828432083,0.0025140009820461273,0.002383999526500702,0.0023000016808509827,0.002422001212835312,0.002572000026702881,0.002438001334667206,0.0023300014436244965,0.002555999904870987,0.0026619993150234222,0.0026520006358623505,0.0025300011038780212,0.0025140009820461273,0.0028140023350715637,0.002922002226114273,0.002752002328634262,0.002628002315759659,0.0026340000331401825,0.0026360005140304565,0.0026400014758110046,0.0026700012385845184,0.002696000039577484,0.002736002206802368,0.00274600088596344,0.002764001488685608,0.0028080008924007416,0.002865999937057495,0.0029600001871585846,0.003033999353647232,0.0030260011553764343,0.003049999475479126,0.0031119994819164276,0.0031860023736953735,0.003272000700235367,0.0033520013093948364,0.003442000597715378,0.0035260021686553955,0.003600001335144043,0.0036420002579689026,0.0036980025470256805,0.003766000270843506,0.0038160011172294617,0.0038399994373321533,0.003922000527381897,0.004022002220153809,0.004106000065803528,0.004181999713182449,0.004273999482393265,0.004364002496004105,0.004464000463485718,0.0045500025153160095,0.004588000476360321,0.004656001925468445,0.004755999892950058,0.004844002425670624,0.004923999309539795,0.0050240010023117065,0.005108002573251724,0.005152001976966858,0.005180001258850098,0.005178000777959824,0.005233999341726303,0.005352001637220383,0.005451999604701996,0.005548000335693359,0.005666002631187439,0.00575600191950798,0.005820002406835556,0.005862001329660416,0.005938000977039337,0.006000000983476639,0.006014000624418259,0.0060079991817474365,0.006000000983476639,0.005986001342535019,0.005963999778032303,0.005954001098871231,0.005968000739812851,0.005998000502586365,0.006022002547979355,0.006004001945257187,0.005963999778032303,0.0058960020542144775,0.0057700015604496,0.005607999861240387,0.005405999720096588,0.0051559992134571075,0.004868000745773315,0.004535999149084091,0.004179999232292175,0.0038140006363391876,0.0016940012574195862,0.0016520023345947266,0.0016300007700920105,0.0016040019690990448,0.0015860013663768768,0.0015639998018741608,0.001531999558210373,0.001499999314546585,0.0014539994299411774,0.0014140009880065918,0.0013980008661746979,0.001364000141620636,0.001343999058008194,0.0013240016996860504,0.0013139992952346802,0.0013080015778541565,0.0012880004942417145,0.0012740008533000946,0.0012539997696876526,0.0012260004878044128,0.001210000365972519,0.0011880025267601013,0.0011660009622573853,0.0011340007185935974,0.0011020004749298096,0.001064002513885498,0.0010280013084411621,0.001003999263048172,0.0009759999811649323,0.0009579993784427643,0.0009439997375011444,0.0009360015392303467,0.0009340010583400726,0.0009300000965595245,0.0009340010583400726,0.0009400025010108948,0.0009500011801719666,0.0009599998593330383,0.0009739995002746582,0.0009840019047260284,0.0009899996221065521,0.0009960010647773743,0.0009940005838871002,0.0009980015456676483,0.0009980015456676483,0.0009940005838871002,0.0009920001029968262,0.0009920001029968262,0.0009860023856163025,0.0009800009429454803,0.0009660013020038605,0.0009340010583400726,0.0008979998528957367,0.0008499994874000549,0.0008019991219043732,0.0007559992372989655,0.0007240027189254761,0.0006980001926422119,0.0006779991090297699,0.0006560012698173523,0.0006319992244243622,0.0006140023469924927,0.0005900003015995026,0.0005699992179870605,0.0005580000579357147,0.0005380026996135712,0.0005180016160011292,0.0005000010132789612,0.0004700012505054474,0.0004479996860027313,0.0004260018467903137,0.00039200112223625183,0.0003059990704059601,0.00022999942302703857
2024-07-04,41.362,-70.5226,41.354164123535156,-70.52082824707031,0.8837701437617533,PACE_OCI_L3M_RRS,ok,"<File-like object HTTPFileSystem, https://obdaac-tea.earthdatacloud.nasa.gov/ob-cumulus-prod-public/PACE_OCI.20240609_20240710.L3m.R32.RRS.V3_1.Rrs.4km.nc>",442.0,442.0,0.0031860023736953735,0.0021880008280277252,0.002248000353574753,0.002256002277135849,0.002232000231742859,0.002256002277135849,0.002369999885559082,0.0024980008602142334,0.002564001828432083,0.0025140009820461273,0.002383999526500702,0.0023000016808509827,0.002422001212835312,0.002572000026702881,0.002438001334667206,0.0023300014436244965,0.002555999904870987,0.0026619993150234222,0.0026520006358623505,0.0025300011038780212,0.0025140009820461273,0.0028140023350715637,0.002922002226114273,0.002752002328634262,0.002628002315759659,0.0026340000331401825,0.0026360005140304565,0.0026400014758110046,0.0026700012385845184,0.002696000039577484,0.002736002206802368,0.00274600088596344,0.002764001488685608,0.0028080008924007416,0.002865999937057495,0.0029600001871585846,0.003033999353647232,0.0030260011553764343,0.003049999475479126,0.0031119994819164276,0.0031860023736953735,0.003272000700235367,0.0033520013093948364,0.003442000597715378,0.0035260021686553955,0.003600001335144043,0.0036420002579689026,0.0036980025470256805,0.003766000270843506,0.0038160011172294617,0.0038399994373321533,0.003922000527381897,0.004022002220153809,0.004106000065803528,0.004181999713182449,0.004273999482393265,0.004364002496004105,0.004464000463485718,0.0045500025153160095,0.004588000476360321,0.004656001925468445,0.004755999892950058,0.004844002425670624,0.004923999309539795,0.0050240010023117065,0.005108002573251724,0.005152001976966858,0.005180001258850098,0.005178000777959824,0.005233999341726303,0.005352001637220383,0.005451999604701996,0.005548000335693359,0.005666002631187439,0.00575600191950798,0.005820002406835556,0.005862001329660416,0.005938000977039337,0.006000000983476639,0.006014000624418259,0.0060079991817474365,0.006000000983476639,0.005986001342535019,0.005963999778032303,0.005954001098871231,0.005968000739812851,0.005998000502586365,0.006022002547979355,0.006004001945257187,0.005963999778032303,0.0058960020542144775,0.0057700015604496,0.005607999861240387,0.005405999720096588,0.0051559992134571075,0.004868000745773315,0.004535999149084091,0.004179999232292175,0.0038140006363391876,0.0016940012574195862,0.0016520023345947266,0.0016300007700920105,0.0016040019690990448,0.0015860013663768768,0.0015639998018741608,0.001531999558210373,0.001499999314546585,0.0014539994299411774,0.0014140009880065918,0.0013980008661746979,0.001364000141620636,0.001343999058008194,0.0013240016996860504,0.0013139992952346802,0.0013080015778541565,0.0012880004942417145,0.0012740008533000946,0.0012539997696876526,0.0012260004878044128,0.001210000365972519,0.0011880025267601013,0.0011660009622573853,0.0011340007185935974,0.0011020004749298096,0.001064002513885498,0.0010280013084411621,0.001003999263048172,0.0009759999811649323,0.0009579993784427643,0.0009439997375011444,0.0009360015392303467,0.0009340010583400726,0.0009300000965595245,0.0009340010583400726,0.0009400025010108948,0.0009500011801719666,0.0009599998593330383,0.0009739995002746582,0.0009840019047260284,0.0009899996221065521,0.0009960010647773743,0.0009940005838871002,0.0009980015456676483,0.0009980015456676483,0.0009940005838871002,0.0009920001029968262,0.0009920001029968262,0.0009860023856163025,0.0009800009429454803,0.0009660013020038605,0.0009340010583400726,0.0008979998528957367,0.0008499994874000549,0.0008019991219043732,0.0007559992372989655,0.0007240027189254761,0.0006980001926422119,0.0006779991090297699,0.0006560012698173523,0.0006319992244243622,0.0006140023469924927,0.0005900003015995026,0.0005699992179870605,0.0005580000579357147,0.0005380026996135712,0.0005180016160011292,0.0005000010132789612,0.0004700012505054474,0.0004479996860027313,0.0004260018467903137,0.00039200112223625183,0.0003059990704059601,0.00022999942302703857
2024-07-05,41.362,-70.5226,41.354164123535156,-70.52082824707031,0.8837701437617533,PACE_OCI_L3M_RRS,ok,"<File-like object HTTPFileSystem, https://obdaac-tea.earthdatacloud.nasa.gov/ob-cumulus-prod-public/PACE_OCI.20240609_20240710.L3m.R32.RRS.V3_1.Rrs.4km.nc>",442.0,442.0,0.0031860023736953735,0.0021880008280277252,0.002248000353574753,0.002256002277135849,0.002232000231742859,0.002256002277135849,0.002369999885559082,0.0024980008602142334,0.002564001828432083,0.0025140009820461273,0.002383999526500702,0.0023000016808509827,0.002422001212835312,0.002572000026702881,0.002438001334667206,0.0023300014436244965,0.002555999904870987,0.0026619993150234222,0.0026520006358623505,0.0025300011038780212,0.0025140009820461273,0.0028140023350715637,0.002922002226114273,0.002752002328634262,0.002628002315759659,0.0026340000331401825,0.0026360005140304565,0.0026400014758110046,0.0026700012385845184,0.002696000039577484,0.002736002206802368,0.00274600088596344,0.002764001488685608,0.0028080008924007416,0.002865999937057495,0.0029600001871585846,0.003033999353647232,0.0030260011553764343,0.003049999475479126,0.0031119994819164276,0.0031860023736953735,0.003272000700235367,0.0033520013093948364,0.003442000597715378,0.0035260021686553955,0.003600001335144043,0.0036420002579689026,0.0036980025470256805,0.003766000270843506,0.0038160011172294617,0.0038399994373321533,0.003922000527381897,0.004022002220153809,0.004106000065803528,0.004181999713182449,0.004273999482393265,0.004364002496004105,0.004464000463485718,0.0045500025153160095,0.004588000476360321,0.004656001925468445,0.004755999892950058,0.004844002425670624,0.004923999309539795,0.0050240010023117065,0.005108002573251724,0.005152001976966858,0.005180001258850098,0.005178000777959824,0.005233999341726303,0.005352001637220383,0.005451999604701996,0.005548000335693359,0.005666002631187439,0.00575600191950798,0.005820002406835556,0.005862001329660416,0.005938000977039337,0.006000000983476639,0.006014000624418259,0.0060079991817474365,0.006000000983476639,0.005986001342535019,0.005963999778032303,0.005954001098871231,0.005968000739812851,0.005998000502586365,0.006022002547979355,0.006004001945257187,0.005963999778032303,0.0058960020542144775,0.0057700015604496,0.005607999861240387,0.005405999720096588,0.0051559992134571075,0.004868000745773315,0.004535999149084091,0.004179999232292175,0.0038140006363391876,0.0016940012574195862,0.0016520023345947266,0.0016300007700920105,0.0016040019690990448,0.0015860013663768768,0.0015639998018741608,0.001531999558210373,0.001499999314546585,0.0014539994299411774,0.0014140009880065918,0.0013980008661746979,0.001364000141620636,0.001343999058008194,0.0013240016996860504,0.0013139992952346802,0.0013080015778541565,0.0012880004942417145,0.0012740008533000946,0.0012539997696876526,0.0012260004878044128,0.001210000365972519,0.0011880025267601013,0.0011660009622573853,0.0011340007185935974,0.0011020004749298096,0.001064002513885498,0.0010280013084411621,0.001003999263048172,0.0009759999811649323,0.0009579993784427643,0.0009439997375011444,0.0009360015392303467,0.0009340010583400726,0.0009300000965595245,0.0009340010583400726,0.0009400025010108948,0.0009500011801719666,0.0009599998593330383,0.0009739995002746582,0.0009840019047260284,0.0009899996221065521,0.0009960010647773743,0.0009940005838871002,0.0009980015456676483,0.0009980015456676483,0.0009940005838871002,0.0009920001029968262,0.0009920001029968262,0.0009860023856163025,0.0009800009429454803,0.0009660013020038605,0.0009340010583400726,0.0008979998528957367,0.0008499994874000549,0.0008019991219043732,0.0007559992372989655,0.0007240027189254761,0.0006980001926422119,0.0006779991090297699,0.0006560012698173523,0.0006319992244243622,0.0006140023469924927,0.0005900003015995026,0.0005699992179870605,0.0005580000579357147,0.0005380026996135712,0.0005180016160011292,0.0005000010132789612,0.0004700012505054474,0.0004479996860027313,0.0004260018467903137,0.00039200112223625183,0.0003059990704059601,0.00022999942302703857
2024-07-06,41.362,-70.5226,41.354164123535156,-70.52082824707031,0.8837701437617533,PACE_OCI_L3M_RRS,ok,"<File-like object HTTPFileSystem, https://obdaac-tea.earthdatacloud.nasa.gov/ob-cumulus-prod-public/PACE_OCI.20240609_20240710.L3m.R32.RRS.V3_1.Rrs.4km.nc>",442.0,442.0,0.0031860023736953735,0.0021880008280277252,0.002248000353574753,0.002256002277135849,0.002232000231742859,0.002256002277135849,0.002369999885559082,0.0024980008602142334,0.002564001828432083,0.0025140009820461273,0.002383999526500702,0.0023000016808509827,0.002422001212835312,0.002572000026702881,0.002438001334667206,0.0023300014436244965,0.002555999904870987,0.0026619993150234222,0.0026520006358623505,0.0025300011038780212,0.0025140009820461273,0.0028140023350715637,0.002922002226114273,0.002752002328634262,0.002628002315759659,0.0026340000331401825,0.0026360005140304565,0.0026400014758110046,0.0026700012385845184,0.002696000039577484,0.002736002206802368,0.00274600088596344,0.002764001488685608,0.0028080008924007416,0.002865999937057495,0.0029600001871585846,0.003033999353647232,0.0030260011553764343,0.003049999475479126,0.0031119994819164276,0.0031860023736953735,0.003272000700235367,0.0033520013093948364,0.003442000597715378,0.0035260021686553955,0.003600001335144043,0.0036420002579689026,0.0036980025470256805,0.003766000270843506,0.0038160011172294617,0.0038399994373321533,0.003922000527381897,0.004022002220153809,0.004106000065803528,0.004181999713182449,0.004273999482393265,0.004364002496004105,0.004464000463485718,0.0045500025153160095,0.004588000476360321,0.004656001925468445,0.004755999892950058,0.004844002425670624,0.004923999309539795,0.0050240010023117065,0.005108002573251724,0.005152001976966858,0.005180001258850098,0.005178000777959824,0.005233999341726303,0.005352001637220383,0.005451999604701996,0.005548000335693359,0.005666002631187439,0.00575600191950798,0.005820002406835556,0.005862001329660416,0.005938000977039337,0.006000000983476639,0.006014000624418259,0.0060079991817474365,0.006000000983476639,0.005986001342535019,0.005963999778032303,0.005954001098871231,0.005968000739812851,0.005998000502586365,0.006022002547979355,0.006004001945257187,0.005963999778032303,0.0058960020542144775,0.0057700015604496,0.005607999861240387,0.005405999720096588,0.0051559992134571075,0.004868000745773315,0.004535999149084091,0.004179999232292175,0.0038140006363391876,0.0016940012574195862,0.0016520023345947266,0.0016300007700920105,0.0016040019690990448,0.0015860013663768768,0.0015639998018741608,0.001531999558210373,0.001499999314546585,0.0014539994299411774,0.0014140009880065918,0.0013980008661746979,0.001364000141620636,0.001343999058008194,0.0013240016996860504,0.0013139992952346802,0.0013080015778541565,0.0012880004942417145,0.0012740008533000946,0.0012539997696876526,0.0012260004878044128,0.001210000365972519,0.0011880025267601013,0.0011660009622573853,0.0011340007185935974,0.0011020004749298096,0.001064002513885498,0.0010280013084411621,0.001003999263048172,0.0009759999811649323,0.0009579993784427643,0.0009439997375011444,0.0009360015392303467,0.0009340010583400726,0.0009300000965595245,0.0009340010583400726,0.0009400025010108948,0.0009500011801719666,0.0009599998593330383,0.0009739995002746582,0.0009840019047260284,0.0009899996221065521,0.0009960010647773743,0.0009940005838871002,0.0009980015456676483,0.0009980015456676483,0.0009940005838871002,0.0009920001029968262,0.0009920001029968262,0.0009860023856163025,0.0009800009429454803,0.0009660013020038605,0.0009340010583400726,0.0008979998528957367,0.0008499994874000549,0.0008019991219043732,0.0007559992372989655,0.0007240027189254761,0.0006980001926422119,0.0006779991090297699,0.0006560012698173523,0.0006319992244243622,0.0006140023469924927,0.0005900003015995026,0.0005699992179870605,0.0005580000579357147,0.0005380026996135712,0.0005180016160011292,0.0005000010132789612,0.0004700012505054474,0.0004479996860027313,0.0004260018467903137,0.00039200112223625183,0.0003059990704059601,0.00022999942302703857
2024-07-07,41.362,-70.5226,41.354164123535156,-70.52082824707031,0.8837701437617533,PACE_OCI_L3M_RRS,ok,"<File-like object HTTPFileSystem, https://obdaac-tea.earthdatacloud.nasa.gov/ob-cumulus-prod-public/PACE_OCI.20240609_20240710.L3m.R32.RRS.V3_1.Rrs.4km.nc>",442.0,442.0,0.0031860023736953735,0.0021880008280277252,0.002248000353574753,0.002256002277135849,0.002232000231742859,0.002256002277135849,0.002369999885559082,0.0024980008602142334,0.002564001828432083,0.0025140009820461273,0.002383999526500702,0.0023000016808509827,0.002422001212835312,0.002572000026702881,0.002438001334667206,0.0023300014436244965,0.002555999904870987,0.0026619993150234222,0.0026520006358623505,0.0025300011038780212,0.0025140009820461273,0.0028140023350715637,0.002922002226114273,0.002752002328634262,0.002628002315759659,0.0026340000331401825,0.0026360005140304565,0.0026400014758110046,0.0026700012385845184,0.002696000039577484,0.002736002206802368,0.00274600088596344,0.002764001488685608,0.0028080008924007416,0.002865999937057495,0.0029600001871585846,0.003033999353647232,0.0030260011553764343,0.003049999475479126,0.0031119994819164276,0.0031860023736953735,0.003272000700235367,0.0033520013093948364,0.003442000597715378,0.0035260021686553955,0.003600001335144043,0.0036420002579689026,0.0036980025470256805,0.003766000270843506,0.0038160011172294617,0.0038399994373321533,0.003922000527381897,0.004022002220153809,0.004106000065803528,0.004181999713182449,0.004273999482393265,0.004364002496004105,0.004464000463485718,0.0045500025153160095,0.004588000476360321,0.004656001925468445,0.004755999892950058,0.004844002425670624,0.004923999309539795,0.0050240010023117065,0.005108002573251724,0.005152001976966858,0.005180001258850098,0.005178000777959824,0.005233999341726303,0.005352001637220383,0.005451999604701996,0.005548000335693359,0.005666002631187439,0.00575600191950798,0.005820002406835556,0.005862001329660416,0.005938000977039337,0.006000000983476639,0.006014000624418259,0.0060079991817474365,0.006000000983476639,0.005986001342535019,0.005963999778032303,0.005954001098871231,0.005968000739812851,0.005998000502586365,0.006022002547979355,0.006004001945257187,0.005963999778032303,0.0058960020542144775,0.0057700015604496,0.005607999861240387,0.005405999720096588,0.0051559992134571075,0.004868000745773315,0.004535999149084091,0.004179999232292175,0.0038140006363391876,0.0016940012574195862,0.0016520023345947266,0.0016300007700920105,0.0016040019690990448,0.0015860013663768768,0.0015639998018741608,0.001531999558210373,0.001499999314546585,0.0014539994299411774,0.0014140009880065918,0.0013980008661746979,0.001364000141620636,0.001343999058008194,0.0013240016996860504,0.0013139992952346802,0.0013080015778541565,0.0012880004942417145,0.0012740008533000946,0.0012539997696876526,0.0012260004878044128,0.001210000365972519,0.0011880025267601013,0.0011660009622573853,0.0011340007185935974,0.0011020004749298096,0.001064002513885498,0.0010280013084411621,0.001003999263048172,0.0009759999811649323,0.0009579993784427643,0.0009439997375011444,0.0009360015392303467,0.0009340010583400726,0.0009300000965595245,0.0009340010583400726,0.0009400025010108948,0.0009500011801719666,0.0009599998593330383,0.0009739995002746582,0.0009840019047260284,0.0009899996221065521,0.0009960010647773743,0.0009940005838871002,0.0009980015456676483,0.0009980015456676483,0.0009940005838871002,0.0009920001029968262,0.0009920001029968262,0.0009860023856163025,0.0009800009429454803,0.0009660013020038605,0.0009340010583400726,0.0008979998528957367,0.0008499994874000549,0.0008019991219043732,0.0007559992372989655,0.0007240027189254761,0.0006980001926422119,0.0006779991090297699,0.0006560012698173523,0.0006319992244243622,0.0006140023469924927,0.0005900003015995026,0.0005699992179870605,0.0005580000579357147,0.0005380026996135712,0.0005180016160011292,0.0005000010132789612,0.0004700012505054474,0.0004479996860027313,0.0004260018467903137,0.00039200112223625183,0.0003059990704059601,0.00022999942302703857
2024-07-08,41.362,-70.5226,41.354164123535156,-70.52082824707031,0.8837701437617533,PACE_OCI_L3M_RRS,ok,"<File-like object HTTPFileSystem, https://obdaac-tea.earthdatacloud.nasa.gov/ob-cumulus-prod-public/PACE_OCI.20240609_20240710.L3m.R32.RRS.V3_1.Rrs.4km.nc>",442.0,442.0,0.0031860023736953735,0.0021880008280277252,0.002248000353574753,0.002256002277135849,0.002232000231742859,0.002256002277135849,0.002369999885559082,0.0024980008602142334,0.002564001828432083,0.0025140009820461273,0.002383999526500702,0.0023000016808509827,0.002422001212835312,0.002572000026702881,0.002438001334667206,0.0023300014436244965,0.002555999904870987,0.0026619993150234222,0.0026520006358623505,0.0025300011038780212,0.0025140009820461273,0.0028140023350715637,0.002922002226114273,0.002752002328634262,0.002628002315759659,0.0026340000331401825,0.0026360005140304565,0.0026400014758110046,0.0026700012385845184,0.002696000039577484,0.002736002206802368,0.00274600088596344,0.002764001488685608,0.0028080008924007416,0.002865999937057495,0.0029600001871585846,0.003033999353647232,0.0030260011553764343,0.003049999475479126,0.0031119994819164276,0.0031860023736953735,0.003272000700235367,0.0033520013093948364,0.003442000597715378,0.0035260021686553955,0.003600001335144043,0.0036420002579689026,0.0036980025470256805,0.003766000270843506,0.0038160011172294617,0.0038399994373321533,0.003922000527381897,0.004022002220153809,0.004106000065803528,0.004181999713182449,0.004273999482393265,0.004364002496004105,0.004464000463485718,0.0045500025153160095,0.004588000476360321,0.004656001925468445,0.004755999892950058,0.004844002425670624,0.004923999309539795,0.0050240010023117065,0.005108002573251724,0.005152001976966858,0.005180001258850098,0.005178000777959824,0.005233999341726303,0.005352001637220383,0.005451999604701996,0.005548000335693359,0.005666002631187439,0.00575600191950798,0.005820002406835556,0.005862001329660416,0.005938000977039337,0.006000000983476639,0.006014000624418259,0.0060079991817474365,0.006000000983476639,0.005986001342535019,0.005963999778032303,0.005954001098871231,0.005968000739812851,0.005998000502586365,0.006022002547979355,0.006004001945257187,0.005963999778032303,0.0058960020542144775,0.0057700015604496,0.005607999861240387,0.005405999720096588,0.0051559992134571075,0.004868000745773315,0.004535999149084091,0.004179999232292175,0.0038140006363391876,0.0016940012574195862,0.0016520023345947266,0.0016300007700920105,0.0016040019690990448,0.0015860013663768768,0.0015639998018741608,0.001531999558210373,0.001499999314546585,0.0014539994299411774,0.0014140009880065918,0.0013980008661746979,0.001364000141620636,0.001343999058008194,0.0013240016996860504,0.0013139992952346802,0.0013080015778541565,0.0012880004942417145,0.0012740008533000946,0.0012539997696876526,0.0012260004878044128,0.001210000365972519,0.0011880025267601013,0.0011660009622573853,0.0011340007185935974,0.0011020004749298096,0.001064002513885498,0.0010280013084411621,0.001003999263048172,0.0009759999811649323,0.0009579993784427643,0.0009439997375011444,0.0009360015392303467,0.0009340010583400726,0.0009300000965595245,0.0009340010583400726,0.0009400025010108948,0.0009500011801719666,0.0009599998593330383,0.0009739995002746582,0.0009840019047260284,0.0009899996221065521,0.0009960010647773743,0.0009940005838871002,0.0009980015456676483,0.0009980015456676483,0.0009940005838871002,0.0009920001029968262,0.0009920001029968262,0.0009860023856163025,0.0009800009429454803,0.0009660013020038605,0.0009340010583400726,0.0008979998528957367,0.0008499994874000549,0.0008019991219043732,0.0007559992372989655,0.0007240027189254761,0.0006980001926422119,0.0006779991090297699,0.0006560012698173523,0.0006319992244243622,0.0006140023469924927,0.0005900003015995026,0.0005699992179870605,0.0005580000579357147,0.0005380026996135712,0.0005180016160011292,0.0005000010132789612,0.0004700012505054474,0.0004479996860027313,0.0004260018467903137,0.00039200112223625183,0.0003059990704059601,0.00022999942302703857
2024-07-09,41.362,-70.5226,41.354164123535156,-70.52082824707031,0.8837701437617533,PACE_OCI_L3M_RRS,ok,"<File-like object HTTPFileSystem, https://obdaac-tea.earthdatacloud.nasa.gov/ob-cumulus-prod-public/PACE_OCI.20240609_20240710.L3m.R32.RRS.V3_1.Rrs.4km.nc>",442.0,442.0,0.0031860023736953735,0.0021880008280277252,0.002248000353574753,0.002256002277135849,0.002232000231742859,0.002256002277135849,0.002369999885559082,0.0024980008602142334,0.002564001828432083,0.0025140009820461273,0.002383999526500702,0.0023000016808509827,0.002422001212835312,0.002572000026702881,0.002438001334667206,0.0023300014436244965,0.002555999904870987,0.0026619993150234222,0.0026520006358623505,0.0025300011038780212,0.0025140009820461273,0.0028140023350715637,0.002922002226114273,0.002752002328634262,0.002628002315759659,0.0026340000331401825,0.0026360005140304565,0.0026400014758110046,0.0026700012385845184,0.002696000039577484,0.002736002206802368,0.00274600088596344,0.002764001488685608,0.0028080008924007416,0.002865999937057495,0.0029600001871585846,0.003033999353647232,0.0030260011553764343,0.003049999475479126,0.0031119994819164276,0.0031860023736953735,0.003272000700235367,0.0033520013093948364,0.003442000597715378,0.0035260021686553955,0.003600001335144043,0.0036420002579689026,0.0036980025470256805,0.003766000270843506,0.0038160011172294617,0.0038399994373321533,0.003922000527381897,0.004022002220153809,0.004106000065803528,0.004181999713182449,0.004273999482393265,0.004364002496004105,0.004464000463485718,0.0045500025153160095,0.004588000476360321,0.004656001925468445,0.004755999892950058,0.004844002425670624,0.004923999309539795,0.0050240010023117065,0.005108002573251724,0.005152001976966858,0.005180001258850098,0.005178000777959824,0.005233999341726303,0.005352001637220383,0.005451999604701996,0.005548000335693359,0.005666002631187439,0.00575600191950798,0.005820002406835556,0.005862001329660416,0.005938000977039337,0.006000000983476639,0.006014000624418259,0.0060079991817474365,0.006000000983476639,0.005986001342535019,0.005963999778032303,0.005954001098871231,0.005968000739812851,0.005998000502586365,0.006022002547979355,0.006004001945257187,0.005963999778032303,0.0058960020542144775,0.0057700015604496,0.005607999861240387,0.005405999720096588,0.0051559992134571075,0.004868000745773315,0.004535999149084091,0.004179999232292175,0.0038140006363391876,0.0016940012574195862,0.0016520023345947266,0.0016300007700920105,0.0016040019690990448,0.0015860013663768768,0.0015639998018741608,0.001531999558210373,0.001499999314546585,0.0014539994299411774,0.0014140009880065918,0.0013980008661746979,0.001364000141620636,0.001343999058008194,0.0013240016996860504,0.0013139992952346802,0.0013080015778541565,0.0012880004942417145,0.0012740008533000946,0.0012539997696876526,0.0012260004878044128,0.001210000365972519,0.0011880025267601013,0.0011660009622573853,0.0011340007185935974,0.0011020004749298096,0.001064002513885498,0.0010280013084411621,0.001003999263048172,0.0009759999811649323,0.0009579993784427643,0.0009439997375011444,0.0009360015392303467,0.0009340010583400726,0.0009300000965595245,0.0009340010583400726,0.0009400025010108948,0.0009500011801719666,0.0009599998593330383,0.0009739995002746582,0.0009840019047260284,0.0009899996221065521,0.0009960010647773743,0.0009940005838871002,0.0009980015456676483,0.0009980015456676483,0.0009940005838871002,0.0009920001029968262,0.0009920001029968262,0.0009860023856163025,0.0009800009429454803,0.0009660013020038605,0.0009340010583400726,0.0008979998528957367,0.0008499994874000549,0.0008019991219043732,0.0007559992372989655,0.0007240027189254761,0.0006980001926422119,0.0006779991090297699,0.0006560012698173523,0.0006319992244243622,0.0006140023469924927,0.0005900003015995026,0.0005699992179870605,0.0005580000579357147,0.0005380026996135712,0.0005180016160011292,0.0005000010132789612,0.0004700012505054474,0.0004479996860027313,0.0004260018467903137,0.00039200112223625183,0.0003059990704059601,0.00022999942302703857
2024-07-10,41.362,-70.5226,41.354164123535156,-70.52082824707031,0.8837701437617533,PACE_OCI_L3M_RRS,ok,"<File-like object HTTPFileSystem, https://obdaac-tea.earthdatacloud.nasa.gov/ob-cumulus-prod-public/PACE_OCI.20240609_20240710.L3m.R32.RRS.V3_1.Rrs.4km.nc>",442.0,442.0,0.0031860023736953735,0.0021880008280277252,0.002248000353574753,0.002256002277135849,0.002232000231742859,0.002256002277135849,0.002369999885559082,0.0024980008602142334,0.002564001828432083,0.0025140009820461273,0.002383999526500702,0.0023000016808509827,0.002422001212835312,0.002572000026702881,0.002438001334667206,0.0023300014436244965,0.002555999904870987,0.0026619993150234222,0.0026520006358623505,0.0025300011038780212,0.0025140009820461273,0.0028140023350715637,0.002922002226114273,0.002752002328634262,0.002628002315759659,0.0026340000331401825,0.0026360005140304565,0.0026400014758110046,0.0026700012385845184,0.002696000039577484,0.002736002206802368,0.00274600088596344,0.002764001488685608,0.0028080008924007416,0.002865999937057495,0.0029600001871585846,0.003033999353647232,0.0030260011553764343,0.003049999475479126,0.0031119994819164276,0.0031860023736953735,0.003272000700235367,0.0033520013093948364,0.003442000597715378,0.0035260021686553955,0.003600001335144043,0.0036420002579689026,0.0036980025470256805,0.003766000270843506,0.0038160011172294617,0.0038399994373321533,0.003922000527381897,0.004022002220153809,0.004106000065803528,0.004181999713182449,0.004273999482393265,0.004364002496004105,0.004464000463485718,0.0045500025153160095,0.004588000476360321,0.004656001925468445,0.004755999892950058,0.004844002425670624,0.004923999309539795,0.0050240010023117065,0.005108002573251724,0.005152001976966858,0.005180001258850098,0.005178000777959824,0.005233999341726303,0.005352001637220383,0.005451999604701996,0.005548000335693359,0.005666002631187439,0.00575600191950798,0.005820002406835556,0.005862001329660416,0.005938000977039337,0.006000000983476639,0.006014000624418259,0.0060079991817474365,0.006000000983476639,0.005986001342535019,0.005963999778032303,0.005954001098871231,0.005968000739812851,0.005998000502586365,0.006022002547979355,0.006004001945257187,0.005963999778032303,0.0058960020542144775,0.0057700015604496,0.005607999861240387,0.005405999720096588,0.0051559992134571075,0.004868000745773315,0.004535999149084091,0.004179999232292175,0.0038140006363391876,0.0016940012574195862,0.0016520023345947266,0.0016300007700920105,0.0016040019690990448,0.0015860013663768768,0.0015639998018741608,0.001531999558210373,0.001499999314546585,0.0014539994299411774,0.0014140009880065918,0.0013980008661746979,0.001364000141620636,0.001343999058008194,0.0013240016996860504,0.0013139992952346802,0.0013080015778541565,0.0012880004942417145,0.0012740008533000946,0.0012539997696876526,0.0012260004878044128,0.001210000365972519,0.0011880025267601013,0.0011660009622573853,0.0011340007185935974,0.0011020004749298096,0.001064002513885498,0.0010280013084411621,0.001003999263048172,0.0009759999811649323,0.0009579993784427643,0.0009439997375011444,0.0009360015392303467,0.0009340010583400726,0.0009300000965595245,0.0009340010583400726,0.0009400025010108948,0.0009500011801719666,0.0009599998593330383,0.0009739995002746582,0.0009840019047260284,0.0009899996221065521,0.0009960010647773743,0.0009940005838871002,0.0009980015456676483,0.0009980015456676483,0.0009940005838871002,0.0009920001029968262,0.0009920001029968262,0.0009860023856163025,0.0009800009429454803,0.0009660013020038605,0.0009340010583400726,0.0008979998528957367,0.0008499994874000549,0.0008019991219043732,0.0007559992372989655,0.0007240027189254761,0.0006980001926422119,0.0006779991090297699,0.0006560012698173523,0.0006319992244243622,0.0006140023469924927,0.0005900003015995026,0.0005699992179870605,0.0005580000579357147,0.0005380026996135712,0.0005180016160011292,0.0005000010132789612,0.0004700012505054474,0.0004479996860027313,0.0004260018467903137,0.00039200112223625183,0.0003059990704059601,0.00022999942302703857
2024-07-11,41.362,-70.5226,41.354164123535156,-70.52082824707031,0.8837701437617533,PACE_OCI_L3M_RRS,ok,"<File-like object HTTPFileSystem, https://obdaac-tea.earthdatacloud.nasa.gov/ob-cumulus-prod-public/PACE_OCI.20240617_20240718.L3m.R32.RRS.V3_1.Rrs.4km.nc>",442.0,442.0,0.003962002694606781,0.0023140013217926025,0.00237400084733963,0.0023199990391731262,0.002256002277135849,0.0021900013089179993,0.0023500025272369385,0.002546001225709915,0.0026459991931915283,0.002546001225709915,0.00242600217461586,0.002422001212835312,0.0026299990713596344,0.0028380006551742554,0.00270799919962883,0.002612002193927765,0.002909999340772629,0.003100000321865082,0.003108002245426178,0.0029820017516613007,0.0029780007898807526,0.003359999507665634,0.0034699998795986176,0.0033080019056797028,0.0031680017709732056,0.0031520016491413116,0.0032140016555786133,0.003235999494791031,0.0032659992575645447,0.0032999999821186066,0.00335799902677536,0.0033860020339488983,0.00343400239944458,0.0035100020468235016,0.003570001572370529,0.0036679990589618683,0.003752000629901886,0.003758002072572708,0.003788001835346222,0.003874000161886215,0.003962002694606781,0.004094000905752182,0.004197999835014343,0.004284001886844635,0.004402000457048416,0.0045120008289813995,0.004574000835418701,0.004626002162694931,0.004705999046564102,0.004778001457452774,0.00482800230383873,0.004938002675771713,0.0050620026886463165,0.005166001617908478,0.005262002348899841,0.005370002239942551,0.005488000810146332,0.005616001784801483,0.005740001797676086,0.005805999040603638,0.005872000008821487,0.005986001342535019,0.006126001477241516,0.006252001971006393,0.006372001022100449,0.006454002112150192,0.00651400163769722,0.0065560005605220795,0.006549999117851257,0.006634000688791275,0.006790000945329666,0.006912000477313995,0.007017999887466431,0.007155999541282654,0.007284000515937805,0.007384002208709717,0.0074480026960372925,0.007540002465248108,0.007642000913619995,0.007674001157283783,0.007667999714612961,0.007665999233722687,0.007658001035451889,0.007642000913619995,0.007642000913619995,0.007670000195503235,0.0076959989964962006,0.007718000560998917,0.007704000920057297,0.007646001875400543,0.007556002587080002,0.007416002452373505,0.0072220005095005035,0.006969999521970749,0.006648000329732895,0.006294000893831253,0.005899999290704727,0.00547800213098526,0.0050200000405311584,0.0023020021617412567,0.0022640004754066467,0.002226002514362335,0.002183999866247177,0.0021720007061958313,0.0021499991416931152,0.002118002623319626,0.00208200141787529,0.002009999006986618,0.0019560009241104126,0.0019519999623298645,0.0019199997186660767,0.001892000436782837,0.0018640011548995972,0.0018440000712871552,0.0018300004303455353,0.0018060021102428436,0.0017820000648498535,0.001760002225637436,0.0017300024628639221,0.00171000137925148,0.0016780011355876923,0.0016539990901947021,0.0016040019690990448,0.0015479996800422668,0.0015040002763271332,0.0014480017125606537,0.00141800194978714,0.0013900026679039001,0.001361999660730362,0.001345999538898468,0.0013319998979568481,0.0013220012187957764,0.0013100020587444305,0.0013060010969638824,0.0013040006160736084,0.0013159997761249542,0.0013240016996860504,0.0013400018215179443,0.0013520009815692902,0.0013540014624595642,0.0013599991798400879,0.0013540014624595642,0.0013520009815692902,0.001348000019788742,0.001343999058008194,0.001345999538898468,0.0013540014624595642,0.0013540014624595642,0.0013540014624595642,0.0013400018215179443,0.0012979991734027863,0.0012460015714168549,0.001178000122308731,0.0011180005967617035,0.001062002032995224,0.00102199986577034,0.0009899996221065521,0.0009579993784427643,0.0009279996156692505,0.0008940026164054871,0.0008680000901222229,0.0008380003273487091,0.0008100010454654694,0.0007920004427433014,0.0007579997181892395,0.0007259994745254517,0.0006980001926422119,0.0006560012698173523,0.0006220005452632904,0.0005940012633800507,0.0005440004169940948,0.0004360005259513855,0.00035399943590164185
2024-07-12,41.362,-70.5226,41.354164123535156,-70.52082824707031,0.8837701437617533,PACE_OCI_L3M_RRS,ok,"<File-like object HTTPFileSystem, https://obdaac-tea.earthdatacloud.nasa.gov/ob-cumulus-prod-public/PACE_OCI.20240617_20240718.L3m.R32.RRS.V3_1.Rrs.4km.nc>",442.0,442.0,0.003962002694606781,0.0023140013217926025,0.00237400084733963,0.0023199990391731262,0.002256002277135849,0.0021900013089179993,0.0023500025272369385,0.002546001225709915,0.0026459991931915283,0.002546001225709915,0.00242600217461586,0.002422001212835312,0.0026299990713596344,0.0028380006551742554,0.00270799919962883,0.002612002193927765,0.002909999340772629,0.003100000321865082,0.003108002245426178,0.0029820017516613007,0.0029780007898807526,0.003359999507665634,0.0034699998795986176,0.0033080019056797028,0.0031680017709732056,0.0031520016491413116,0.0032140016555786133,0.003235999494791031,0.0032659992575645447,0.0032999999821186066,0.00335799902677536,0.0033860020339488983,0.00343400239944458,0.0035100020468235016,0.003570001572370529,0.0036679990589618683,0.003752000629901886,0.003758002072572708,0.003788001835346222,0.003874000161886215,0.003962002694606781,0.004094000905752182,0.004197999835014343,0.004284001886844635,0.004402000457048416,0.0045120008289813995,0.004574000835418701,0.004626002162694931,0.004705999046564102,0.004778001457452774,0.00482800230383873,0.004938002675771713,0.0050620026886463165,0.005166001617908478,0.005262002348899841,0.005370002239942551,0.005488000810146332,0.005616001784801483,0.005740001797676086,0.005805999040603638,0.005872000008821487,0.005986001342535019,0.006126001477241516,0.006252001971006393,0.006372001022100449,0.006454002112150192,0.00651400163769722,0.0065560005605220795,0.006549999117851257,0.006634000688791275,0.006790000945329666,0.006912000477313995,0.007017999887466431,0.007155999541282654,0.007284000515937805,0.007384002208709717,0.0074480026960372925,0.007540002465248108,0.007642000913619995,0.007674001157283783,0.007667999714612961,0.007665999233722687,0.007658001035451889,0.007642000913619995,0.007642000913619995,0.007670000195503235,0.0076959989964962006,0.007718000560998917,0.007704000920057297,0.007646001875400543,0.007556002587080002,0.007416002452373505,0.0072220005095005035,0.006969999521970749,0.006648000329732895,0.006294000893831253,0.005899999290704727,0.00547800213098526,0.0050200000405311584,0.0023020021617412567,0.0022640004754066467,0.002226002514362335,0.002183999866247177,0.0021720007061958313,0.0021499991416931152,0.002118002623319626,0.00208200141787529,0.002009999006986618,0.0019560009241104126,0.0019519999623298645,0.0019199997186660767,0.001892000436782837,0.0018640011548995972,0.0018440000712871552,0.0018300004303455353,0.0018060021102428436,0.0017820000648498535,0.001760002225637436,0.0017300024628639221,0.00171000137925148,0.0016780011355876923,0.0016539990901947021,0.0016040019690990448,0.0015479996800422668,0.0015040002763271332,0.0014480017125606537,0.00141800194978714,0.0013900026679039001,0.001361999660730362,0.001345999538898468,0.0013319998979568481,0.0013220012187957764,0.0013100020587444305,0.0013060010969638824,0.0013040006160736084,0.0013159997761249542,0.0013240016996860504,0.0013400018215179443,0.0013520009815692902,0.0013540014624595642,0.0013599991798400879,0.0013540014624595642,0.0013520009815692902,0.001348000019788742,0.001343999058008194,0.001345999538898468,0.0013540014624595642,0.0013540014624595642,0.0013540014624595642,0.0013400018215179443,0.0012979991734027863,0.0012460015714168549,0.001178000122308731,0.0011180005967617035,0.001062002032995224,0.00102199986577034,0.0009899996221065521,0.0009579993784427643,0.0009279996156692505,0.0008940026164054871,0.0008680000901222229,0.0008380003273487091,0.0008100010454654694,0.0007920004427433014,0.0007579997181892395,0.0007259994745254517,0.0006980001926422119,0.0006560012698173523,0.0006220005452632904,0.0005940012633800507,0.0005440004169940948,0.0004360005259513855,0.00035399943590164185
2024-07-13,41.362,-70.5226,41.354164123535156,-70.52082824707031,0.8837701437617533,PACE_OCI_L3M_RRS,ok,"<File-like object HTTPFileSystem, https://obdaac-tea.earthdatacloud.nasa.gov/ob-cumulus-prod-public/PACE_OCI.20240617_20240718.L3m.R32.RRS.V3_1.Rrs.4km.nc>",442.0,442.0,0.003962002694606781,0.0023140013217926025,0.00237400084733963,0.0023199990391731262,0.002256002277135849,0.0021900013089179993,0.0023500025272369385,0.002546001225709915,0.0026459991931915283,0.002546001225709915,0.00242600217461586,0.002422001212835312,0.0026299990713596344,0.0028380006551742554,0.00270799919962883,0.002612002193927765,0.002909999340772629,0.003100000321865082,0.003108002245426178,0.0029820017516613007,0.0029780007898807526,0.003359999507665634,0.0034699998795986176,0.0033080019056797028,0.0031680017709732056,0.0031520016491413116,0.0032140016555786133,0.003235999494791031,0.0032659992575645447,0.0032999999821186066,0.00335799902677536,0.0033860020339488983,0.00343400239944458,0.0035100020468235016,0.003570001572370529,0.0036679990589618683,0.003752000629901886,0.003758002072572708,0.003788001835346222,0.003874000161886215,0.003962002694606781,0.004094000905752182,0.004197999835014343,0.004284001886844635,0.004402000457048416,0.0045120008289813995,0.004574000835418701,0.004626002162694931,0.004705999046564102,0.004778001457452774,0.00482800230383873,0.004938002675771713,0.0050620026886463165,0.005166001617908478,0.005262002348899841,0.005370002239942551,0.005488000810146332,0.005616001784801483,0.005740001797676086,0.005805999040603638,0.005872000008821487,0.005986001342535019,0.006126001477241516,0.006252001971006393,0.006372001022100449,0.006454002112150192,0.00651400163769722,0.0065560005605220795,0.006549999117851257,0.006634000688791275,0.006790000945329666,0.006912000477313995,0.007017999887466431,0.007155999541282654,0.007284000515937805,0.007384002208709717,0.0074480026960372925,0.007540002465248108,0.007642000913619995,0.007674001157283783,0.007667999714612961,0.007665999233722687,0.007658001035451889,0.007642000913619995,0.007642000913619995,0.007670000195503235,0.0076959989964962006,0.007718000560998917,0.007704000920057297,0.007646001875400543,0.007556002587080002,0.007416002452373505,0.0072220005095005035,0.006969999521970749,0.006648000329732895,0.006294000893831253,0.005899999290704727,0.00547800213098526,0.0050200000405311584,0.0023020021617412567,0.0022640004754066467,0.002226002514362335,0.002183999866247177,0.0021720007061958313,0.0021499991416931152,0.002118002623319626,0.00208200141787529,0.002009999006986618,0.0019560009241104126,0.0019519999623298645,0.0019199997186660767,0.001892000436782837,0.0018640011548995972,0.0018440000712871552,0.0018300004303455353,0.0018060021102428436,0.0017820000648498535,0.001760002225637436,0.0017300024628639221,0.00171000137925148,0.0016780011355876923,0.0016539990901947021,0.0016040019690990448,0.0015479996800422668,0.0015040002763271332,0.0014480017125606537,0.00141800194978714,0.0013900026679039001,0.001361999660730362,0.001345999538898468,0.0013319998979568481,0.0013220012187957764,0.0013100020587444305,0.0013060010969638824,0.0013040006160736084,0.0013159997761249542,0.0013240016996860504,0.0013400018215179443,0.0013520009815692902,0.0013540014624595642,0.0013599991798400879,0.0013540014624595642,0.0013520009815692902,0.001348000019788742,0.001343999058008194,0.001345999538898468,0.0013540014624595642,0.0013540014624595642,0.0013540014624595642,0.0013400018215179443,0.0012979991734027863,0.0012460015714168549,0.001178000122308731,0.0011180005967617035,0.001062002032995224,0.00102199986577034,0.0009899996221065521,0.0009579993784427643,0.0009279996156692505,0.0008940026164054871,0.0008680000901222229,0.0008380003273487091,0.0008100010454654694,0.0007920004427433014,0.0007579997181892395,0.0007259994745254517,0.0006980001926422119,0.0006560012698173523,0.0006220005452632904,0.0005940012633800507,0.0005440004169940948,0.0004360005259513855,0.00035399943590164185
2024-07-14,41.362,-70.5226,41.354164123535156,-70.52082824707031,0.8837701437617533,PACE_OCI_L3M_RRS,ok,"<File-like object HTTPFileSystem, https://obdaac-tea.earthdatacloud.nasa.gov/ob-cumulus-prod-public/PACE_OCI.20240617_20240718.L3m.R32.RRS.V3_1.Rrs.4km.nc>",442.0,442.0,0.003962002694606781,0.0023140013217926025,0.00237400084733963,0.0023199990391731262,0.002256002277135849,0.0021900013089179993,0.0023500025272369385,0.002546001225709915,0.0026459991931915283,0.002546001225709915,0.00242600217461586,0.002422001212835312,0.0026299990713596344,0.0028380006551742554,0.00270799919962883,0.002612002193927765,0.002909999340772629,0.003100000321865082,0.003108002245426178,0.0029820017516613007,0.0029780007898807526,0.003359999507665634,0.0034699998795986176,0.0033080019056797028,0.0031680017709732056,0.0031520016491413116,0.0032140016555786133,0.003235999494791031,0.0032659992575645447,0.0032999999821186066,0.00335799902677536,0.0033860020339488983,0.00343400239944458,0.0035100020468235016,0.003570001572370529,0.0036679990589618683,0.003752000629901886,0.003758002072572708,0.003788001835346222,0.003874000161886215,0.003962002694606781,0.004094000905752182,0.004197999835014343,0.004284001886844635,0.004402000457048416,0.0045120008289813995,0.004574000835418701,0.004626002162694931,0.004705999046564102,0.004778001457452774,0.00482800230383873,0.004938002675771713,0.0050620026886463165,0.005166001617908478,0.005262002348899841,0.005370002239942551,0.005488000810146332,0.005616001784801483,0.005740001797676086,0.005805999040603638,0.005872000008821487,0.005986001342535019,0.006126001477241516,0.006252001971006393,0.006372001022100449,0.006454002112150192,0.00651400163769722,0.0065560005605220795,0.006549999117851257,0.006634000688791275,0.006790000945329666,0.006912000477313995,0.007017999887466431,0.007155999541282654,0.007284000515937805,0.007384002208709717,0.0074480026960372925,0.007540002465248108,0.007642000913619995,0.007674001157283783,0.007667999714612961,0.007665999233722687,0.007658001035451889,0.007642000913619995,0.007642000913619995,0.007670000195503235,0.0076959989964962006,0.007718000560998917,0.007704000920057297,0.007646001875400543,0.007556002587080002,0.007416002452373505,0.0072220005095005035,0.006969999521970749,0.006648000329732895,0.006294000893831253,0.005899999290704727,0.00547800213098526,0.0050200000405311584,0.0023020021617412567,0.0022640004754066467,0.002226002514362335,0.002183999866247177,0.0021720007061958313,0.0021499991416931152,0.002118002623319626,0.00208200141787529,0.002009999006986618,0.0019560009241104126,0.0019519999623298645,0.0019199997186660767,0.001892000436782837,0.0018640011548995972,0.0018440000712871552,0.0018300004303455353,0.0018060021102428436,0.0017820000648498535,0.001760002225637436,0.0017300024628639221,0.00171000137925148,0.0016780011355876923,0.0016539990901947021,0.0016040019690990448,0.0015479996800422668,0.0015040002763271332,0.0014480017125606537,0.00141800194978714,0.0013900026679039001,0.001361999660730362,0.001345999538898468,0.0013319998979568481,0.0013220012187957764,0.0013100020587444305,0.0013060010969638824,0.0013040006160736084,0.0013159997761249542,0.0013240016996860504,0.0013400018215179443,0.0013520009815692902,0.0013540014624595642,0.0013599991798400879,0.0013540014624595642,0.0013520009815692902,0.001348000019788742,0.001343999058008194,0.001345999538898468,0.0013540014624595642,0.0013540014624595642,0.0013540014624595642,0.0013400018215179443,0.0012979991734027863,0.0012460015714168549,0.001178000122308731,0.0011180005967617035,0.001062002032995224,0.00102199986577034,0.0009899996221065521,0.0009579993784427643,0.0009279996156692505,0.0008940026164054871,0.0008680000901222229,0.0008380003273487091,0.0008100010454654694,0.0007920004427433014,0.0007579997181892395,0.0007259994745254517,0.0006980001926422119,0.0006560012698173523,0.0006220005452632904,0.0005940012633800507,0.0005440004169940948,0.0004360005259513855,0.00035399943590164185
2024-07-15,41.362,-70.5226,41.354164123535156,-70.52082824707031,0.8837701437617533,PACE_OCI_L3M_RRS,ok,"<File-like object HTTPFileSystem, https://obdaac-tea.earthdatacloud.nasa.gov/ob-cumulus-prod-public/PACE_OCI.20240617_20240718.L3m.R32.RRS.V3_1.Rrs.4km.nc>",442.0,442.0,0.003962002694606781,0.0023140013217926025,0.00237400084733963,0.0023199990391731262,0.002256002277135849,0.0021900013089179993,0.0023500025272369385,0.002546001225709915,0.0026459991931915283,0.002546001225709915,0.00242600217461586,0.002422001212835312,0.0026299990713596344,0.0028380006551742554,0.00270799919962883,0.002612002193927765,0.002909999340772629,0.003100000321865082,0.003108002245426178,0.0029820017516613007,0.0029780007898807526,0.003359999507665634,0.0034699998795986176,0.0033080019056797028,0.0031680017709732056,0.0031520016491413116,0.0032140016555786133,0.003235999494791031,0.0032659992575645447,0.0032999999821186066,0.00335799902677536,0.0033860020339488983,0.00343400239944458,0.0035100020468235016,0.003570001572370529,0.0036679990589618683,0.003752000629901886,0.003758002072572708,0.003788001835346222,0.003874000161886215,0.003962002694606781,0.004094000905752182,0.004197999835014343,0.004284001886844635,0.004402000457048416,0.0045120008289813995,0.004574000835418701,0.004626002162694931,0.004705999046564102,0.004778001457452774,0.00482800230383873,0.004938002675771713,0.0050620026886463165,0.005166001617908478,0.005262002348899841,0.005370002239942551,0.005488000810146332,0.005616001784801483,0.005740001797676086,0.005805999040603638,0.005872000008821487,0.005986001342535019,0.006126001477241516,0.006252001971006393,0.006372001022100449,0.006454002112150192,0.00651400163769722,0.0065560005605220795,0.006549999117851257,0.006634000688791275,0.006790000945329666,0.006912000477313995,0.007017999887466431,0.007155999541282654,0.007284000515937805,0.007384002208709717,0.0074480026960372925,0.007540002465248108,0.007642000913619995,0.007674001157283783,0.007667999714612961,0.007665999233722687,0.007658001035451889,0.007642000913619995,0.007642000913619995,0.007670000195503235,0.0076959989964962006,0.007718000560998917,0.007704000920057297,0.007646001875400543,0.007556002587080002,0.007416002452373505,0.0072220005095005035,0.006969999521970749,0.006648000329732895,0.006294000893831253,0.005899999290704727,0.00547800213098526,0.0050200000405311584,0.0023020021617412567,0.0022640004754066467,0.002226002514362335,0.002183999866247177,0.0021720007061958313,0.0021499991416931152,0.002118002623319626,0.00208200141787529,0.002009999006986618,0.0019560009241104126,0.0019519999623298645,0.0019199997186660767,0.001892000436782837,0.0018640011548995972,0.0018440000712871552,0.0018300004303455353,0.0018060021102428436,0.0017820000648498535,0.001760002225637436,0.0017300024628639221,0.00171000137925148,0.0016780011355876923,0.0016539990901947021,0.0016040019690990448,0.0015479996800422668,0.0015040002763271332,0.0014480017125606537,0.00141800194978714,0.0013900026679039001,0.001361999660730362,0.001345999538898468,0.0013319998979568481,0.0013220012187957764,0.0013100020587444305,0.0013060010969638824,0.0013040006160736084,0.0013159997761249542,0.0013240016996860504,0.0013400018215179443,0.0013520009815692902,0.0013540014624595642,0.0013599991798400879,0.0013540014624595642,0.0013520009815692902,0.001348000019788742,0.001343999058008194,0.001345999538898468,0.0013540014624595642,0.0013540014624595642,0.0013540014624595642,0.0013400018215179443,0.0012979991734027863,0.0012460015714168549,0.001178000122308731,0.0011180005967617035,0.001062002032995224,0.00102199986577034,0.0009899996221065521,0.0009579993784427643,0.0009279996156692505,0.0008940026164054871,0.0008680000901222229,0.0008380003273487091,0.0008100010454654694,0.0007920004427433014,0.0007579997181892395,0.0007259994745254517,0.0006980001926422119,0.0006560012698173523,0.0006220005452632904,0.0005940012633800507,0.0005440004169940948,0.0004360005259513855,0.00035399943590164185
2024-07-16,41.362,-70.5226,41.354164123535156,-70.52082824707031,0.8837701437617533,PACE_OCI_L3M_RRS,ok,"<File-like object HTTPFileSystem, https://obdaac-tea.earthdatacloud.nasa.gov/ob-cumulus-prod-public/PACE_OCI.20240617_20240718.L3m.R32.RRS.V3_1.Rrs.4km.nc>",442.0,442.0,0.003962002694606781,0.0023140013217926025,0.00237400084733963,0.0023199990391731262,0.002256002277135849,0.0021900013089179993,0.0023500025272369385,0.002546001225709915,0.0026459991931915283,0.002546001225709915,0.00242600217461586,0.002422001212835312,0.0026299990713596344,0.0028380006551742554,0.00270799919962883,0.002612002193927765,0.002909999340772629,0.003100000321865082,0.003108002245426178,0.0029820017516613007,0.0029780007898807526,0.003359999507665634,0.0034699998795986176,0.0033080019056797028,0.0031680017709732056,0.0031520016491413116,0.0032140016555786133,0.003235999494791031,0.0032659992575645447,0.0032999999821186066,0.00335799902677536,0.0033860020339488983,0.00343400239944458,0.0035100020468235016,0.003570001572370529,0.0036679990589618683,0.003752000629901886,0.003758002072572708,0.003788001835346222,0.003874000161886215,0.003962002694606781,0.004094000905752182,0.004197999835014343,0.004284001886844635,0.004402000457048416,0.0045120008289813995,0.004574000835418701,0.004626002162694931,0.004705999046564102,0.004778001457452774,0.00482800230383873,0.004938002675771713,0.0050620026886463165,0.005166001617908478,0.005262002348899841,0.005370002239942551,0.005488000810146332,0.005616001784801483,0.005740001797676086,0.005805999040603638,0.005872000008821487,0.005986001342535019,0.006126001477241516,0.006252001971006393,0.006372001022100449,0.006454002112150192,0.00651400163769722,0.0065560005605220795,0.006549999117851257,0.006634000688791275,0.006790000945329666,0.006912000477313995,0.007017999887466431,0.007155999541282654,0.007284000515937805,0.007384002208709717,0.0074480026960372925,0.007540002465248108,0.007642000913619995,0.007674001157283783,0.007667999714612961,0.007665999233722687,0.007658001035451889,0.007642000913619995,0.007642000913619995,0.007670000195503235,0.0076959989964962006,0.007718000560998917,0.007704000920057297,0.007646001875400543,0.007556002587080002,0.007416002452373505,0.0072220005095005035,0.006969999521970749,0.006648000329732895,0.006294000893831253,0.005899999290704727,0.00547800213098526,0.0050200000405311584,0.0023020021617412567,0.0022640004754066467,0.002226002514362335,0.002183999866247177,0.0021720007061958313,0.0021499991416931152,0.002118002623319626,0.00208200141787529,0.002009999006986618,0.0019560009241104126,0.0019519999623298645,0.0019199997186660767,0.001892000436782837,0.0018640011548995972,0.0018440000712871552,0.0018300004303455353,0.0018060021102428436,0.0017820000648498535,0.001760002225637436,0.0017300024628639221,0.00171000137925148,0.0016780011355876923,0.0016539990901947021,0.0016040019690990448,0.0015479996800422668,0.0015040002763271332,0.0014480017125606537,0.00141800194978714,0.0013900026679039001,0.001361999660730362,0.001345999538898468,0.0013319998979568481,0.0013220012187957764,0.0013100020587444305,0.0013060010969638824,0.0013040006160736084,0.0013159997761249542,0.0013240016996860504,0.0013400018215179443,0.0013520009815692902,0.0013540014624595642,0.0013599991798400879,0.0013540014624595642,0.0013520009815692902,0.001348000019788742,0.001343999058008194,0.001345999538898468,0.0013540014624595642,0.0013540014624595642,0.0013540014624595642,0.0013400018215179443,0.0012979991734027863,0.0012460015714168549,0.001178000122308731,0.0011180005967617035,0.001062002032995224,0.00102199986577034,0.0009899996221065521,0.0009579993784427643,0.0009279996156692505,0.0008940026164054871,0.0008680000901222229,0.0008380003273487091,0.0008100010454654694,0.0007920004427433014,0.0007579997181892395,0.0007259994745254517,0.0006980001926422119,0.0006560012698173523,0.0006220005452632904,0.0005940012633800507,0.0005440004169940948,0.0004360005259513855,0.00035399943590164185
2024-07-17,41.362,-70.5226,41.354164123535156,-70.52082824707031,0.8837701437617533,PACE_OCI_L3M_RRS,ok,"<File-like object HTTPFileSystem, https://obdaac-tea.earthdatacloud.nasa.gov/ob-cumulus-prod-public/PACE_OCI.20240617_20240718.L3m.R32.RRS.V3_1.Rrs.4km.nc>",442.0,442.0,0.003962002694606781,0.0023140013217926025,0.00237400084733963,0.0023199990391731262,0.002256002277135849,0.0021900013089179993,0.0023500025272369385,0.002546001225709915,0.0026459991931915283,0.002546001225709915,0.00242600217461586,0.002422001212835312,0.0026299990713596344,0.0028380006551742554,0.00270799919962883,0.002612002193927765,0.002909999340772629,0.003100000321865082,0.003108002245426178,0.0029820017516613007,0.0029780007898807526,0.003359999507665634,0.0034699998795986176,0.0033080019056797028,0.0031680017709732056,0.0031520016491413116,0.0032140016555786133,0.003235999494791031,0.0032659992575645447,0.0032999999821186066,0.00335799902677536,0.0033860020339488983,0.00343400239944458,0.0035100020468235016,0.003570001572370529,0.0036679990589618683,0.003752000629901886,0.003758002072572708,0.003788001835346222,0.003874000161886215,0.003962002694606781,0.004094000905752182,0.004197999835014343,0.004284001886844635,0.004402000457048416,0.0045120008289813995,0.004574000835418701,0.004626002162694931,0.004705999046564102,0.004778001457452774,0.00482800230383873,0.004938002675771713,0.0050620026886463165,0.005166001617908478,0.005262002348899841,0.005370002239942551,0.005488000810146332,0.005616001784801483,0.005740001797676086,0.005805999040603638,0.005872000008821487,0.005986001342535019,0.006126001477241516,0.006252001971006393,0.006372001022100449,0.006454002112150192,0.00651400163769722,0.0065560005605220795,0.006549999117851257,0.006634000688791275,0.006790000945329666,0.006912000477313995,0.007017999887466431,0.007155999541282654,0.007284000515937805,0.007384002208709717,0.0074480026960372925,0.007540002465248108,0.007642000913619995,0.007674001157283783,0.007667999714612961,0.007665999233722687,0.007658001035451889,0.007642000913619995,0.007642000913619995,0.007670000195503235,0.0076959989964962006,0.007718000560998917,0.007704000920057297,0.007646001875400543,0.007556002587080002,0.007416002452373505,0.0072220005095005035,0.006969999521970749,0.006648000329732895,0.006294000893831253,0.005899999290704727,0.00547800213098526,0.0050200000405311584,0.0023020021617412567,0.0022640004754066467,0.002226002514362335,0.002183999866247177,0.0021720007061958313,0.0021499991416931152,0.002118002623319626,0.00208200141787529,0.002009999006986618,0.0019560009241104126,0.0019519999623298645,0.0019199997186660767,0.001892000436782837,0.0018640011548995972,0.0018440000712871552,0.0018300004303455353,0.0018060021102428436,0.0017820000648498535,0.001760002225637436,0.0017300024628639221,0.00171000137925148,0.0016780011355876923,0.0016539990901947021,0.0016040019690990448,0.0015479996800422668,0.0015040002763271332,0.0014480017125606537,0.00141800194978714,0.0013900026679039001,0.001361999660730362,0.001345999538898468,0.0013319998979568481,0.0013220012187957764,0.0013100020587444305,0.0013060010969638824,0.0013040006160736084,0.0013159997761249542,0.0013240016996860504,0.0013400018215179443,0.0013520009815692902,0.0013540014624595642,0.0013599991798400879,0.0013540014624595642,0.0013520009815692902,0.001348000019788742,0.001343999058008194,0.001345999538898468,0.0013540014624595642,0.0013540014624595642,0.0013540014624595642,0.0013400018215179443,0.0012979991734027863,0.0012460015714168549,0.001178000122308731,0.0011180005967617035,0.001062002032995224,0.00102199986577034,0.0009899996221065521,0.0009579993784427643,0.0009279996156692505,0.0008940026164054871,0.0008680000901222229,0.0008380003273487091,0.0008100010454654694,0.0007920004427433014,0.0007579997181892395,0.0007259994745254517,0.0006980001926422119,0.0006560012698173523,0.0006220005452632904,0.0005940012633800507,0.0005440004169940948,0.0004360005259513855,0.00035399943590164185
